year,constuctorId,name,nationality,url
1950,adams,Adams,American,http://en.wikipedia.org/wiki/Adams_(constructor)
1950,alfa,Alfa Romeo,Swiss,http://en.wikipedia.org/wiki/Alfa_Romeo_in_Formula_One
1950,alta,Alta,British,http://en.wikipedia.org/wiki/Alta_auto_racing_team
1950,cooper,Cooper,British,http://en.wikipedia.org/wiki/Cooper_Car_Company
1950,deidt,Deidt,American,http://en.wikipedia.org/wiki/Deidt
1950,era,ERA,British,http://en.wikipedia.org/wiki/English_Racing_Automobiles
1950,ewing,Ewing,American,http://en.wikipedia.org/wiki/Ewing_(constructor)
1950,ferrari,Ferrari,Italian,http://en.wikipedia.org/wiki/Scuderia_Ferrari
1950,kurtis_kraft,Kurtis Kraft,American,http://en.wikipedia.org/wiki/Kurtis_Kraft
1950,langley,Langley,American,http://en.wikipedia.org/wiki/Langley_(constructor)
1950,lesovsky,Lesovsky,American,http://en.wikipedia.org/wiki/Lesovsky
1950,marchese,Marchese,American,http://en.wikipedia.org/wiki/Marchese_(constructor)
1950,maserati,Maserati,Italian,http://en.wikipedia.org/wiki/Maserati
1950,milano,Milano,Italian,http://en.wikipedia.org/wiki/Scuderia_Milano
1950,moore,Moore,American,http://en.wikipedia.org/wiki/Moore_(constructor)
1950,nichels,Nichels,American,http://en.wikipedia.org/wiki/Nichels
1950,olson,Olson,American,http://en.wikipedia.org/wiki/Olson_(constructor)
1950,rae,Rae,American,http://en.wikipedia.org/wiki/Rae_(motorsport)
1950,simca,Simca,French,http://en.wikipedia.org/wiki/Simca
1950,snowberger,Snowberger,American,http://en.wikipedia.org/wiki/Snowberger
1950,stevens,Stevens,American,http://en.wikipedia.org/wiki/Stevens_(constructor)
1950,lago,Talbot-Lago,French,http://en.wikipedia.org/wiki/Talbot-Lago
1950,watson,Watson,American,http://en.wikipedia.org/wiki/A.J._Watson
1951,alfa,Alfa Romeo,Swiss,http://en.wikipedia.org/wiki/Alfa_Romeo_in_Formula_One
1951,alta,Alta,British,http://en.wikipedia.org/wiki/Alta_auto_racing_team
1951,brm,BRM,British,http://en.wikipedia.org/wiki/BRM
1951,bromme,Bromme,American,http://en.wikipedia.org/wiki/Bromme
1951,deidt,Deidt,American,http://en.wikipedia.org/wiki/Deidt
1951,era,ERA,British,http://en.wikipedia.org/wiki/English_Racing_Automobiles
1951,ferrari,Ferrari,Italian,http://en.wikipedia.org/wiki/Scuderia_Ferrari
1951,hall,Hall,American,http://en.wikipedia.org/wiki/Hall_(constructor)
1951,hwm,HWM,British,http://en.wikipedia.org/wiki/Hersham_and_Walton_Motors
1951,kurtis_kraft,Kurtis Kraft,American,http://en.wikipedia.org/wiki/Kurtis_Kraft
1951,kuzma,Kuzma,American,http://en.wikipedia.org/wiki/Kuzma_(constructor)
1951,lesovsky,Lesovsky,American,http://en.wikipedia.org/wiki/Lesovsky
1951,marchese,Marchese,American,http://en.wikipedia.org/wiki/Marchese_(constructor)
1951,maserati,Maserati,Italian,http://en.wikipedia.org/wiki/Maserati
1951,moore,Moore,American,http://en.wikipedia.org/wiki/Moore_(constructor)
1951,osca,OSCA,Italian,http://en.wikipedia.org/wiki/Officine_Specializate_Costruzione_Automobili
1951,pawl,Pawl,American,http://en.wikipedia.org/wiki/Pawl_(constructor)
1951,schroeder,Schroeder,American,http://en.wikipedia.org/wiki/Schroeder_(constructor)
1951,sherman,Sherman,American,http://en.wikipedia.org/wiki/Sherman_(constructor)
1951,simca,Simca,French,http://en.wikipedia.org/wiki/Simca
1951,lago,Talbot-Lago,French,http://en.wikipedia.org/wiki/Talbot-Lago
1951,trevis,Trevis,American,http://en.wikipedia.org/wiki/Trevis
1951,veritas,Veritas,German,http://en.wikipedia.org/wiki/Veritas_(constructor)
1952,afm,AFM,German,http://en.wikipedia.org/wiki/Alex_von_Falkenhausen_Motorenbau
1952,alta,Alta,British,http://en.wikipedia.org/wiki/Alta_auto_racing_team
1952,butterworth,Aston Butterworth,British,http://en.wikipedia.org/wiki/Aston_Butterworth
1952,bmw,BMW,German,http://en.wikipedia.org/wiki/BMW
1952,bromme,Bromme,American,http://en.wikipedia.org/wiki/Bromme
1952,cisitalia,Cisitalia,Italian,http://en.wikipedia.org/wiki/Cisitalia
1952,connaught,Connaught,British,http://en.wikipedia.org/wiki/Connaught_Engineering
1952,cooper,Cooper,British,http://en.wikipedia.org/wiki/Cooper_Car_Company
1952,deidt,Deidt,American,http://en.wikipedia.org/wiki/Deidt
1952,era,ERA,British,http://en.wikipedia.org/wiki/English_Racing_Automobiles
1952,ferrari,Ferrari,Italian,http://en.wikipedia.org/wiki/Scuderia_Ferrari
1952,frazer_nash,Frazer Nash,British,http://en.wikipedia.org/wiki/Frazer_Nash
1952,gordini,Gordini,French,http://en.wikipedia.org/wiki/Gordini
1952,hwm,HWM,British,http://en.wikipedia.org/wiki/Hersham_and_Walton_Motors
1952,kurtis_kraft,Kurtis Kraft,American,http://en.wikipedia.org/wiki/Kurtis_Kraft
1952,kuzma,Kuzma,American,http://en.wikipedia.org/wiki/Kuzma_(constructor)
1952,lesovsky,Lesovsky,American,http://en.wikipedia.org/wiki/Lesovsky
1952,maserati,Maserati,Italian,http://en.wikipedia.org/wiki/Maserati
1952,osca,OSCA,Italian,http://en.wikipedia.org/wiki/Officine_Specializate_Costruzione_Automobili
1952,sherman,Sherman,American,http://en.wikipedia.org/wiki/Sherman_(constructor)
1952,simca,Simca,French,http://en.wikipedia.org/wiki/Simca
1952,stevens,Stevens,American,http://en.wikipedia.org/wiki/Stevens_(constructor)
1952,trevis,Trevis,American,http://en.wikipedia.org/wiki/Trevis
1952,veritas,Veritas,German,http://en.wikipedia.org/wiki/Veritas_(constructor)
1953,afm,AFM,German,http://en.wikipedia.org/wiki/Alex_von_Falkenhausen_Motorenbau
1953,bmw,BMW,German,http://en.wikipedia.org/wiki/BMW
1953,bromme,Bromme,American,http://en.wikipedia.org/wiki/Bromme
1953,connaught,Connaught,British,http://en.wikipedia.org/wiki/Connaught_Engineering
1953,cooper,Cooper,British,http://en.wikipedia.org/wiki/Cooper_Car_Company
1953,del_roy,Del Roy,American,http://en.wikipedia.org/wiki/Del_Roy
1953,emw,EMW,East German,http://en.wikipedia.org/wiki/Eisenacher_Motorenwerk
1953,ferrari,Ferrari,Italian,http://en.wikipedia.org/wiki/Scuderia_Ferrari
1953,gordini,Gordini,French,http://en.wikipedia.org/wiki/Gordini
1953,hwm,HWM,British,http://en.wikipedia.org/wiki/Hersham_and_Walton_Motors
1953,kurtis_kraft,Kurtis Kraft,American,http://en.wikipedia.org/wiki/Kurtis_Kraft
1953,kuzma,Kuzma,American,http://en.wikipedia.org/wiki/Kuzma_(constructor)
1953,lesovsky,Lesovsky,American,http://en.wikipedia.org/wiki/Lesovsky
1953,maserati,Maserati,Italian,http://en.wikipedia.org/wiki/Maserati
1953,osca,OSCA,Italian,http://en.wikipedia.org/wiki/Officine_Specializate_Costruzione_Automobili
1953,schroeder,Schroeder,American,http://en.wikipedia.org/wiki/Schroeder_(constructor)
1953,simca,Simca,French,http://en.wikipedia.org/wiki/Simca
1953,stevens,Stevens,American,http://en.wikipedia.org/wiki/Stevens_(constructor)
1953,turner,Turner,American,http://en.wikipedia.org/wiki/Turner_(constructor)
1953,veritas,Veritas,German,http://en.wikipedia.org/wiki/Veritas_(constructor)
1954,bromme,Bromme,American,http://en.wikipedia.org/wiki/Bromme
1954,connaught,Connaught,British,http://en.wikipedia.org/wiki/Connaught_Engineering
1954,cooper,Cooper,British,http://en.wikipedia.org/wiki/Cooper_Car_Company
1954,ferrari,Ferrari,Italian,http://en.wikipedia.org/wiki/Scuderia_Ferrari
1954,gordini,Gordini,French,http://en.wikipedia.org/wiki/Gordini
1954,hwm,HWM,British,http://en.wikipedia.org/wiki/Hersham_and_Walton_Motors
1954,klenk,Klenk,German,http://en.wikipedia.org/wiki/Klenk
1954,kurtis_kraft,Kurtis Kraft,American,http://en.wikipedia.org/wiki/Kurtis_Kraft
1954,kuzma,Kuzma,American,http://en.wikipedia.org/wiki/Kuzma_(constructor)
1954,lancia,Lancia,Italian,http://en.wikipedia.org/wiki/Lancia_in_Formula_One
1954,maserati,Maserati,Italian,http://en.wikipedia.org/wiki/Maserati
1954,mercedes,Mercedes,German,http://en.wikipedia.org/wiki/Mercedes-Benz_in_Formula_One
1954,nichels,Nichels,American,http://en.wikipedia.org/wiki/Nichels
1954,pankratz,Pankratz,American,http://en.wikipedia.org/wiki/Pankratz
1954,pawl,Pawl,American,http://en.wikipedia.org/wiki/Pawl_(constructor)
1954,phillips,Phillips,American,http://en.wikipedia.org/wiki/Phillips_(constructor)
1954,schroeder,Schroeder,American,http://en.wikipedia.org/wiki/Schroeder_(constructor)
1954,stevens,Stevens,American,http://en.wikipedia.org/wiki/Stevens_(constructor)
1955,arzani-volpini,Arzani-Volpini,Italian,http://en.wikipedia.org/wiki/Arzani-Volpini
1955,connaught,Connaught,British,http://en.wikipedia.org/wiki/Connaught_Engineering
1955,cooper,Cooper,British,http://en.wikipedia.org/wiki/Cooper_Car_Company
1955,epperly,Epperly,American,http://en.wikipedia.org/wiki/Epperly
1955,ferrari,Ferrari,Italian,http://en.wikipedia.org/wiki/Scuderia_Ferrari
1955,gordini,Gordini,French,http://en.wikipedia.org/wiki/Gordini
1955,hwm,HWM,British,http://en.wikipedia.org/wiki/Hersham_and_Walton_Motors
1955,kurtis_kraft,Kurtis Kraft,American,http://en.wikipedia.org/wiki/Kurtis_Kraft
1955,kuzma,Kuzma,American,http://en.wikipedia.org/wiki/Kuzma_(constructor)
1955,lancia,Lancia,Italian,http://en.wikipedia.org/wiki/Lancia_in_Formula_One
1955,maserati,Maserati,Italian,http://en.wikipedia.org/wiki/Maserati
1955,mercedes,Mercedes,German,http://en.wikipedia.org/wiki/Mercedes-Benz_in_Formula_One
1955,pankratz,Pankratz,American,http://en.wikipedia.org/wiki/Pankratz
1955,pawl,Pawl,American,http://en.wikipedia.org/wiki/Pawl_(constructor)
1955,phillips,Phillips,American,http://en.wikipedia.org/wiki/Phillips_(constructor)
1955,schroeder,Schroeder,American,http://en.wikipedia.org/wiki/Schroeder_(constructor)
1955,stevens,Stevens,American,http://en.wikipedia.org/wiki/Stevens_(constructor)
1955,trevis,Trevis,American,http://en.wikipedia.org/wiki/Trevis
1956,brm,BRM,British,http://en.wikipedia.org/wiki/BRM
1956,bugatti,Bugatti,French,http://en.wikipedia.org/wiki/Bugatti
1956,connaught,Connaught,British,http://en.wikipedia.org/wiki/Connaught_Engineering
1956,cooper,Cooper,British,http://en.wikipedia.org/wiki/Cooper_Car_Company
1956,emeryson,Emeryson,British,http://en.wikipedia.org/wiki/Emeryson
1956,ferrari,Ferrari,Italian,http://en.wikipedia.org/wiki/Scuderia_Ferrari
1956,gordini,Gordini,French,http://en.wikipedia.org/wiki/Gordini
1956,kurtis_kraft,Kurtis Kraft,American,http://en.wikipedia.org/wiki/Kurtis_Kraft
1956,kuzma,Kuzma,American,http://en.wikipedia.org/wiki/Kuzma_(constructor)
1956,lesovsky,Lesovsky,American,http://en.wikipedia.org/wiki/Lesovsky
1956,maserati,Maserati,Italian,http://en.wikipedia.org/wiki/Maserati
1956,phillips,Phillips,American,http://en.wikipedia.org/wiki/Phillips_(constructor)
1956,stevens,Stevens,American,http://en.wikipedia.org/wiki/Stevens_(constructor)
1956,vanwall,Vanwall,British,http://en.wikipedia.org/wiki/Vanwall
1957,brm,BRM,British,http://en.wikipedia.org/wiki/BRM
1957,connaught,Connaught,British,http://en.wikipedia.org/wiki/Connaught_Engineering
1957,cooper,Cooper,British,http://en.wikipedia.org/wiki/Cooper_Car_Company
1957,dunn,Dunn,American,http://en.wikipedia.org/wiki/Dunn_Engineering
1957,epperly,Epperly,American,http://en.wikipedia.org/wiki/Epperly
1957,ferrari,Ferrari,Italian,http://en.wikipedia.org/wiki/Scuderia_Ferrari
1957,kurtis_kraft,Kurtis Kraft,American,http://en.wikipedia.org/wiki/Kurtis_Kraft
1957,kuzma,Kuzma,American,http://en.wikipedia.org/wiki/Kuzma_(constructor)
1957,lesovsky,Lesovsky,American,http://en.wikipedia.org/wiki/Lesovsky
1957,maserati,Maserati,Italian,http://en.wikipedia.org/wiki/Maserati
1957,phillips,Phillips,American,http://en.wikipedia.org/wiki/Phillips_(constructor)
1957,porsche,Porsche,German,http://en.wikipedia.org/wiki/Porsche_in_Formula_One
1957,vanwall,Vanwall,British,http://en.wikipedia.org/wiki/Vanwall
1958,brm,BRM,British,http://en.wikipedia.org/wiki/BRM
1958,connaught,Connaught,British,http://en.wikipedia.org/wiki/Connaught_Engineering
1958,cooper,Cooper,British,http://en.wikipedia.org/wiki/Cooper_Car_Company
1958,dunn,Dunn,American,http://en.wikipedia.org/wiki/Dunn_Engineering
1958,epperly,Epperly,American,http://en.wikipedia.org/wiki/Epperly
1958,ferrari,Ferrari,Italian,http://en.wikipedia.org/wiki/Scuderia_Ferrari
1958,kurtis_kraft,Kurtis Kraft,American,http://en.wikipedia.org/wiki/Kurtis_Kraft
1958,kuzma,Kuzma,American,http://en.wikipedia.org/wiki/Kuzma_(constructor)
1958,lesovsky,Lesovsky,American,http://en.wikipedia.org/wiki/Lesovsky
1958,maserati,Maserati,Italian,http://en.wikipedia.org/wiki/Maserati
1958,osca,OSCA,Italian,http://en.wikipedia.org/wiki/Officine_Specializate_Costruzione_Automobili
1958,phillips,Phillips,American,http://en.wikipedia.org/wiki/Phillips_(constructor)
1958,porsche,Porsche,German,http://en.wikipedia.org/wiki/Porsche_in_Formula_One
1958,team_lotus,Team Lotus,British,http://en.wikipedia.org/wiki/Team_Lotus
1958,vanwall,Vanwall,British,http://en.wikipedia.org/wiki/Vanwall
1959,aston_martin,Aston Martin,British,http://en.wikipedia.org/wiki/Aston_Martin_in_Formula_One
1959,brm,BRM,British,http://en.wikipedia.org/wiki/BRM
1959,vhristensen,Christensen,American,http://en.wikipedia.org/wiki/Christensen_(constructor)
1959,connaught,Connaught,British,http://en.wikipedia.org/wiki/Connaught_Engineering
1959,cooper-borgward,Cooper-Borgward,British,http://en.wikipedia.org/wiki/Cooper_Car_Company
1959,cooper-climax,Cooper-Climax,British,http://en.wikipedia.org/wiki/Cooper_Car_Company
1959,cooper-maserati,Cooper-Maserati,British,http://en.wikipedia.org/wiki/Cooper_Car_Company
1959,cooper-osca,Cooper-OSCA,British,http://en.wikipedia.org/wiki/Cooper_Car_Company
1959,dunn,Dunn,American,http://en.wikipedia.org/wiki/Dunn_Engineering
1959,elder,Elder,American,http://en.wikipedia.org/wiki/Elder_(constructor)
1959,epperly,Epperly,American,http://en.wikipedia.org/wiki/Epperly
1959,ferrari,Ferrari,Italian,http://en.wikipedia.org/wiki/Scuderia_Ferrari
1959,fry,Fry,British,http://en.wikipedia.org/wiki/Fry_(racing_team)
1959,jbw,JBW,British,http://en.wikipedia.org/wiki/JBW
1959,kurtis_kraft,Kurtis Kraft,American,http://en.wikipedia.org/wiki/Kurtis_Kraft
1959,kuzma,Kuzma,American,http://en.wikipedia.org/wiki/Kuzma_(constructor)
1959,lesovsky,Lesovsky,American,http://en.wikipedia.org/wiki/Lesovsky
1959,maserati,Maserati,Italian,http://en.wikipedia.org/wiki/Maserati
1959,moore,Moore,American,http://en.wikipedia.org/wiki/Moore_(constructor)
1959,phillips,Phillips,American,http://en.wikipedia.org/wiki/Phillips_(constructor)
1959,porsche,Porsche,German,http://en.wikipedia.org/wiki/Porsche_in_Formula_One
1959,sutton,Sutton,American,http://en.wikipedia.org/wiki/Sutton_(constructor)
1959,team_lotus,Team Lotus,British,http://en.wikipedia.org/wiki/Team_Lotus
1959,tec-mec,Tec-Mec,Italian,http://en.wikipedia.org/wiki/Tec-Mec
1959,vanwall,Vanwall,British,http://en.wikipedia.org/wiki/Vanwall
1960,aston_martin,Aston Martin,British,http://en.wikipedia.org/wiki/Aston_Martin_in_Formula_One
1960,behra-porsche,Behra-Porsche,Italian,http://en.wikipedia.org/wiki/Behra-Porsche
1960,brm,BRM,British,http://en.wikipedia.org/wiki/BRM
1960,vhristensen,Christensen,American,http://en.wikipedia.org/wiki/Christensen_(constructor)
1960,cooper-castellotti,Cooper-Castellotti,British,http://en.wikipedia.org/wiki/Cooper_Car_Company
1960,cooper-climax,Cooper-Climax,British,http://en.wikipedia.org/wiki/Cooper_Car_Company
1960,cooper-maserati,Cooper-Maserati,British,http://en.wikipedia.org/wiki/Cooper_Car_Company
1960,epperly,Epperly,American,http://en.wikipedia.org/wiki/Epperly
1960,ewing,Ewing,American,http://en.wikipedia.org/wiki/Ewing_(constructor)
1960,ferrari,Ferrari,Italian,http://en.wikipedia.org/wiki/Scuderia_Ferrari
1960,jbw,JBW,British,http://en.wikipedia.org/wiki/JBW
1960,kurtis_kraft,Kurtis Kraft,American,http://en.wikipedia.org/wiki/Kurtis_Kraft
1960,kuzma,Kuzma,American,http://en.wikipedia.org/wiki/Kuzma_(constructor)
1960,lesovsky,Lesovsky,American,http://en.wikipedia.org/wiki/Lesovsky
1960,maserati,Maserati,Italian,http://en.wikipedia.org/wiki/Maserati
1960,meskowski,Meskowski,American,http://en.wikipedia.org/wiki/Meskowski
1960,phillips,Phillips,American,http://en.wikipedia.org/wiki/Phillips_(constructor)
1960,porsche,Porsche,German,http://en.wikipedia.org/wiki/Porsche_in_Formula_One
1960,scarab,Scarab,American,http://en.wikipedia.org/wiki/Scarab_(constructor)
1960,team_lotus,Team Lotus,British,http://en.wikipedia.org/wiki/Team_Lotus
1960,trevis,Trevis,American,http://en.wikipedia.org/wiki/Trevis
1960,vanwall,Vanwall,British,http://en.wikipedia.org/wiki/Vanwall
1961,brm,BRM,British,http://en.wikipedia.org/wiki/BRM
1961,cooper-climax,Cooper-Climax,British,http://en.wikipedia.org/wiki/Cooper_Car_Company
1961,cooper-maserati,Cooper-Maserati,British,http://en.wikipedia.org/wiki/Cooper_Car_Company
1961,de_tomaso-alfa_romeo,De Tomaso-Alfa Romeo,Italian,http://en.wikipedia.org/wiki/De_Tomaso
1961,de_tomaso-osca,De Tomaso-Osca,Italian,http://en.wikipedia.org/wiki/De_Tomaso
1961,emeryson,Emeryson,British,http://en.wikipedia.org/wiki/Emeryson
1961,ferguson,Ferguson,British,http://en.wikipedia.org/wiki/Ferguson_Research_Ltd.
1961,ferrari,Ferrari,Italian,http://en.wikipedia.org/wiki/Scuderia_Ferrari
1961,gilby,Gilby,British,http://en.wikipedia.org/wiki/Gilby
1961,jbw,JBW,British,http://en.wikipedia.org/wiki/JBW
1961,lotus-climax,Lotus-Climax,British,http://en.wikipedia.org/wiki/Team_Lotus
1961,lotus-maserati,Lotus-Maserati,British,http://en.wikipedia.org/wiki/Team_Lotus
1961,mbm,MBM,Swiss,http://en.wikipedia.org/wiki/Monteverdi_Basel_Motors
1962,brabham,Brabham,British,http://en.wikipedia.org/wiki/Brabham
1962,brm,BRM,British,http://en.wikipedia.org/wiki/BRM
1962,cooper,Cooper,British,http://en.wikipedia.org/wiki/Cooper_Car_Company
1962,cooper-alfa_romeo,Cooper-Alfa Romeo,British,http://en.wikipedia.org/wiki/Cooper_Car_Company
1962,cooper-climax,Cooper-Climax,British,http://en.wikipedia.org/wiki/Cooper_Car_Company
1962,tomaso,De Tomaso,Italian,http://en.wikipedia.org/wiki/De_Tomaso
1962,de_tomaso-alfa_romeo,De Tomaso-Alfa Romeo,Italian,http://en.wikipedia.org/wiki/De_Tomaso
1962,de_tomaso-osca,De Tomaso-Osca,Italian,http://en.wikipedia.org/wiki/De_Tomaso
1962,emeryson,Emeryson,British,http://en.wikipedia.org/wiki/Emeryson
1962,enb,ENB,Belgian,http://en.wikipedia.org/wiki/Ecurie_Nationale_Belge
1962,ferrari,Ferrari,Italian,http://en.wikipedia.org/wiki/Scuderia_Ferrari
1962,gilby,Gilby,British,http://en.wikipedia.org/wiki/Gilby
1962,lds,LDS,South African,http://en.wikipedia.org/wiki/LDS_(automobile)
1962,lola,Lola,British,http://en.wikipedia.org/wiki/MasterCard_Lola
1962,lotus-borgward,Lotus-Borgward,British,http://en.wikipedia.org/wiki/Team_Lotus
1962,lotus-brm,Lotus-BRM,British,http://en.wikipedia.org/wiki/Team_Lotus
1962,lotus-climax,Lotus-Climax,British,http://en.wikipedia.org/wiki/Team_Lotus
1962,porsche,Porsche,German,http://en.wikipedia.org/wiki/Porsche_in_Formula_One
1963,alfa,Alfa Romeo,Swiss,http://en.wikipedia.org/wiki/Alfa_Romeo_in_Formula_One
1963,ats,ATS,Italian,http://en.wikipedia.org/wiki/ATS_(wheels)
1963,brabham,Brabham,British,http://en.wikipedia.org/wiki/Brabham
1963,brm,BRM,British,http://en.wikipedia.org/wiki/BRM
1963,brp,BRP,British,http://en.wikipedia.org/wiki/British_Racing_Partnership
1963,cooper-climax,Cooper-Climax,British,http://en.wikipedia.org/wiki/Cooper_Car_Company
1963,cooper-maserati,Cooper-Maserati,British,http://en.wikipedia.org/wiki/Cooper_Car_Company
1963,tomaso,De Tomaso,Italian,http://en.wikipedia.org/wiki/De_Tomaso
1963,de_tomaso-ferrari,De Tomaso-Ferrari,Italian,http://en.wikipedia.org/wiki/De_Tomaso
1963,ferrari,Ferrari,Italian,http://en.wikipedia.org/wiki/Scuderia_Ferrari
1963,gilby,Gilby,British,http://en.wikipedia.org/wiki/Gilby
1963,lds,LDS,South African,http://en.wikipedia.org/wiki/LDS_(automobile)
1963,lola,Lola,British,http://en.wikipedia.org/wiki/MasterCard_Lola
1963,lotus-borgward,Lotus-Borgward,British,http://en.wikipedia.org/wiki/Team_Lotus
1963,lotus-brm,Lotus-BRM,British,http://en.wikipedia.org/wiki/Team_Lotus
1963,lotus-climax,Lotus-Climax,British,http://en.wikipedia.org/wiki/Team_Lotus
1963,lotus-ford,Lotus-Ford,British,http://en.wikipedia.org/wiki/Team_Lotus
1963,lotus-maserati,Lotus-Maserati,British,http://en.wikipedia.org/wiki/Team_Lotus
1963,porsche,Porsche,German,http://en.wikipedia.org/wiki/Porsche_in_Formula_One
1963,scirocco,Scirocco,British,http://en.wikipedia.org/wiki/Scirocco-Powell
1963,stebro,Stebro,Canadian,http://en.wikipedia.org/wiki/Stebro
1964,brabham-brm,Brabham-BRM,British,http://en.wikipedia.org/wiki/Brabham
1964,brabham-climax,Brabham-Climax,British,http://en.wikipedia.org/wiki/Brabham
1964,brabham-ford,Brabham-Ford,British,http://en.wikipedia.org/wiki/Brabham
1964,brm,BRM,British,http://en.wikipedia.org/wiki/BRM
1964,brp,BRP,British,http://en.wikipedia.org/wiki/British_Racing_Partnership
1964,cooper-climax,Cooper-Climax,British,http://en.wikipedia.org/wiki/Cooper_Car_Company
1964,derrington,Derrington,British,http://en.wikipedia.org/wiki/Derrington-Francis
1964,ferrari,Ferrari,Italian,http://en.wikipedia.org/wiki/Scuderia_Ferrari
1964,honda,Honda,Japanese,http://en.wikipedia.org/wiki/Honda_Racing_F1
1964,lotus-brm,Lotus-BRM,British,http://en.wikipedia.org/wiki/Team_Lotus
1964,lotus-climax,Lotus-Climax,British,http://en.wikipedia.org/wiki/Team_Lotus
1964,porsche,Porsche,German,http://en.wikipedia.org/wiki/Porsche_in_Formula_One
1965,alfa,Alfa Romeo,Swiss,http://en.wikipedia.org/wiki/Alfa_Romeo_in_Formula_One
1965,brabham-brm,Brabham-BRM,British,http://en.wikipedia.org/wiki/Brabham
1965,brabham-climax,Brabham-Climax,British,http://en.wikipedia.org/wiki/Brabham
1965,brabham-ford,Brabham-Ford,British,http://en.wikipedia.org/wiki/Brabham
1965,brm,BRM,British,http://en.wikipedia.org/wiki/BRM
1965,cooper-climax,Cooper-Climax,British,http://en.wikipedia.org/wiki/Cooper_Car_Company
1965,cooper-ford,Cooper-Ford,British,http://en.wikipedia.org/wiki/Cooper_Car_Company
1965,cooper-maserati,Cooper-Maserati,British,http://en.wikipedia.org/wiki/Cooper_Car_Company
1965,ferrari,Ferrari,Italian,http://en.wikipedia.org/wiki/Scuderia_Ferrari
1965,honda,Honda,Japanese,http://en.wikipedia.org/wiki/Honda_Racing_F1
1965,lds-alfa_romeo,LDS-Alfa Romeo,South African,http://en.wikipedia.org/wiki/LDS_(automobile)
1965,lds-climax,LDS-Climax,South African,http://en.wikipedia.org/wiki/LDS_(automobile)
1965,lotus-brm,Lotus-BRM,British,http://en.wikipedia.org/wiki/Team_Lotus
1965,lotus-climax,Lotus-Climax,British,http://en.wikipedia.org/wiki/Team_Lotus
1965,lotus-ford,Lotus-Ford,British,http://en.wikipedia.org/wiki/Team_Lotus
1966,brabham-brm,Brabham-BRM,British,http://en.wikipedia.org/wiki/Brabham
1966,brabham-climax,Brabham-Climax,British,http://en.wikipedia.org/wiki/Brabham
1966,brabham-repco,Brabham-Repco,British,http://en.wikipedia.org/wiki/Brabham
1966,brm,BRM,British,http://en.wikipedia.org/wiki/BRM
1966,cooper-ferrari,Cooper-Ferrari,British,http://en.wikipedia.org/wiki/Cooper_Car_Company
1966,cooper-maserati,Cooper-Maserati,British,http://en.wikipedia.org/wiki/Cooper_Car_Company
1966,eagle-climax,Eagle-Climax,American,http://en.wikipedia.org/wiki/Anglo_American_Racers
1966,eagle-weslake,Eagle-Weslake,American,http://en.wikipedia.org/wiki/Anglo_American_Racers
1966,ferrari,Ferrari,Italian,http://en.wikipedia.org/wiki/Scuderia_Ferrari
1966,honda,Honda,Japanese,http://en.wikipedia.org/wiki/Honda_Racing_F1
1966,lotus-brm,Lotus-BRM,British,http://en.wikipedia.org/wiki/Team_Lotus
1966,lotus-climax,Lotus-Climax,British,http://en.wikipedia.org/wiki/Team_Lotus
1966,mclaren-ford,McLaren-Ford,British,http://en.wikipedia.org/wiki/Team_McLaren
1966,mclaren-seren,McLaren-Serenissima,British,http://en.wikipedia.org/wiki/Team_McLaren
1967,brabham-climax,Brabham-Climax,British,http://en.wikipedia.org/wiki/Brabham
1967,brabham-ford,Brabham-Ford,British,http://en.wikipedia.org/wiki/Brabham
1967,brabham-repco,Brabham-Repco,British,http://en.wikipedia.org/wiki/Brabham
1967,brm,BRM,British,http://en.wikipedia.org/wiki/BRM
1967,cooper-ats,Cooper-ATS,British,http://en.wikipedia.org/wiki/Cooper_Car_Company
1967,cooper-climax,Cooper-Climax,British,http://en.wikipedia.org/wiki/Cooper_Car_Company
1967,cooper-maserati,Cooper-Maserati,British,http://en.wikipedia.org/wiki/Cooper_Car_Company
1967,eagle-climax,Eagle-Climax,American,http://en.wikipedia.org/wiki/Anglo_American_Racers
1967,eagle-weslake,Eagle-Weslake,American,http://en.wikipedia.org/wiki/Anglo_American_Racers
1967,ferrari,Ferrari,Italian,http://en.wikipedia.org/wiki/Scuderia_Ferrari
1967,honda,Honda,Japanese,http://en.wikipedia.org/wiki/Honda_Racing_F1
1967,lds-climax,LDS-Climax,South African,http://en.wikipedia.org/wiki/LDS_(automobile)
1967,lola,Lola,British,http://en.wikipedia.org/wiki/MasterCard_Lola
1967,lotus-brm,Lotus-BRM,British,http://en.wikipedia.org/wiki/Team_Lotus
1967,lotus-climax,Lotus-Climax,British,http://en.wikipedia.org/wiki/Team_Lotus
1967,lotus-ford,Lotus-Ford,British,http://en.wikipedia.org/wiki/Team_Lotus
1967,matra,Matra,French,http://en.wikipedia.org/wiki/Matra
1967,mclaren-brm,McLaren-BRM,British,http://en.wikipedia.org/wiki/McLaren_(racing)
1967,mclaren-ford,McLaren-Ford,British,http://en.wikipedia.org/wiki/Team_McLaren
1968,brabham-climax,Brabham-Climax,British,http://en.wikipedia.org/wiki/Brabham
1968,brabham-repco,Brabham-Repco,British,http://en.wikipedia.org/wiki/Brabham
1968,brm,BRM,British,http://en.wikipedia.org/wiki/BRM
1968,cooper-brm,Cooper-BRM,British,http://en.wikipedia.org/wiki/Cooper_Car_Company
1968,cooper-climax,Cooper-Climax,British,http://en.wikipedia.org/wiki/Cooper_Car_Company
1968,cooper-maserati,Cooper-Maserati,British,http://en.wikipedia.org/wiki/Cooper_Car_Company
1968,eagle-weslake,Eagle-Weslake,American,http://en.wikipedia.org/wiki/Anglo_American_Racers
1968,ferrari,Ferrari,Italian,http://en.wikipedia.org/wiki/Scuderia_Ferrari
1968,honda,Honda,Japanese,http://en.wikipedia.org/wiki/Honda_Racing_F1
1968,lds,LDS,South African,http://en.wikipedia.org/wiki/LDS_(automobile)
1968,lola,Lola,British,http://en.wikipedia.org/wiki/MasterCard_Lola
1968,lotus-ford,Lotus-Ford,British,http://en.wikipedia.org/wiki/Team_Lotus
1968,matra,Matra,French,http://en.wikipedia.org/wiki/Matra
1968,matra-ford,Matra-Ford,French,http://en.wikipedia.org/wiki/Matra
1968,mclaren,McLaren,British,http://en.wikipedia.org/wiki/McLaren
1968,mclaren-brm,McLaren-BRM,British,http://en.wikipedia.org/wiki/McLaren_(racing)
1969,brabham-climax,Brabham-Climax,British,http://en.wikipedia.org/wiki/Brabham
1969,brabham-ford,Brabham-Ford,British,http://en.wikipedia.org/wiki/Brabham
1969,brabham-repco,Brabham-Repco,British,http://en.wikipedia.org/wiki/Brabham
1969,brm,BRM,British,http://en.wikipedia.org/wiki/BRM
1969,brm-ford,BRM-Ford,British,http://en.wikipedia.org/wiki/BRM
1969,cooper-maserati,Cooper-Maserati,British,http://en.wikipedia.org/wiki/Cooper_Car_Company
1969,eagle-climax,Eagle-Climax,American,http://en.wikipedia.org/wiki/Anglo_American_Racers
1969,ferrari,Ferrari,Italian,http://en.wikipedia.org/wiki/Scuderia_Ferrari
1969,lotus-ford,Lotus-Ford,British,http://en.wikipedia.org/wiki/Team_Lotus
1969,matra-ford,Matra-Ford,French,http://en.wikipedia.org/wiki/Matra
1970,bellasi,Bellasi,Swiss,http://en.wikipedia.org/wiki/Bellasi
1970,brabham,Brabham,British,http://en.wikipedia.org/wiki/Brabham
1970,brm,BRM,British,http://en.wikipedia.org/wiki/BRM
1970,tomaso,De Tomaso,Italian,http://en.wikipedia.org/wiki/De_Tomaso
1970,ferrari,Ferrari,Italian,http://en.wikipedia.org/wiki/Scuderia_Ferrari
1970,march,March,British,http://en.wikipedia.org/wiki/March_Engineering
1970,matra,Matra,French,http://en.wikipedia.org/wiki/Matra
1970,mclaren-alfa_romeo,McLaren-Alfa Romeo,British,http://en.wikipedia.org/wiki/McLaren_(racing)
1970,mclaren-ford,McLaren-Ford,British,http://en.wikipedia.org/wiki/Team_McLaren
1970,surtees,Surtees,British,http://en.wikipedia.org/wiki/Surtees
1970,team_lotus,Team Lotus,British,http://en.wikipedia.org/wiki/Team_Lotus
1971,bellasi,Bellasi,Swiss,http://en.wikipedia.org/wiki/Bellasi
1971,brabham,Brabham,British,http://en.wikipedia.org/wiki/Brabham
1971,brm,BRM,British,http://en.wikipedia.org/wiki/BRM
1971,ferrari,Ferrari,Italian,http://en.wikipedia.org/wiki/Scuderia_Ferrari
1971,lotus-ford,Lotus-Ford,British,http://en.wikipedia.org/wiki/Team_Lotus
1971,lotus-pw,Lotus-Pratt &amp; Whitney,British,http://en.wikipedia.org/wiki/Team_Lotus
1971,march-alfa_romeo,March-Alfa Romeo,British,http://en.wikipedia.org/wiki/March_Engineering
1971,march-ford,March-Ford,British,http://en.wikipedia.org/wiki/March_Engineering
1971,matra,Matra,French,http://en.wikipedia.org/wiki/Matra
1971,mclaren,McLaren,British,http://en.wikipedia.org/wiki/McLaren
1971,surtees,Surtees,British,http://en.wikipedia.org/wiki/Surtees
1972,brabham,Brabham,British,http://en.wikipedia.org/wiki/Brabham
1972,brm,BRM,British,http://en.wikipedia.org/wiki/BRM
1972,connew,Connew,British,http://en.wikipedia.org/wiki/Connew
1972,ferrari,Ferrari,Italian,http://en.wikipedia.org/wiki/Scuderia_Ferrari
1972,march,March,British,http://en.wikipedia.org/wiki/March_Engineering
1972,matra,Matra,French,http://en.wikipedia.org/wiki/Matra
1972,mclaren,McLaren,British,http://en.wikipedia.org/wiki/McLaren
1972,politoys,Politoys,British,http://en.wikipedia.org/wiki/Frank_Williams_Racing_Cars
1972,surtees,Surtees,British,http://en.wikipedia.org/wiki/Surtees
1972,team_lotus,Team Lotus,British,http://en.wikipedia.org/wiki/Team_Lotus
1972,tecno,Tecno,Italian,http://en.wikipedia.org/wiki/Tecno
1973,brabham,Brabham,British,http://en.wikipedia.org/wiki/Brabham
1973,brm,BRM,British,http://en.wikipedia.org/wiki/BRM
1973,ensign,Ensign,British,http://en.wikipedia.org/wiki/Ensign_%28racing_team%29
1973,ferrari,Ferrari,Italian,http://en.wikipedia.org/wiki/Scuderia_Ferrari
1973,iso_marlboro,Iso Marlboro,British,http://en.wikipedia.org/wiki/Iso_Marlboro
1973,march,March,British,http://en.wikipedia.org/wiki/March_Engineering
1973,mclaren,McLaren,British,http://en.wikipedia.org/wiki/McLaren
1973,shadow,Shadow,British,http://en.wikipedia.org/wiki/Shadow_Racing_Cars
1973,surtees,Surtees,British,http://en.wikipedia.org/wiki/Surtees
1973,team_lotus,Team Lotus,British,http://en.wikipedia.org/wiki/Team_Lotus
1973,tecno,Tecno,Italian,http://en.wikipedia.org/wiki/Tecno
1974,amon,Amon,New Zealander,http://en.wikipedia.org/wiki/Amon_(Formula_One_team)
1974,brabham,Brabham,British,http://en.wikipedia.org/wiki/Brabham
1974,brm,BRM,British,http://en.wikipedia.org/wiki/BRM
1974,ensign,Ensign,British,http://en.wikipedia.org/wiki/Ensign_%28racing_team%29
1974,ferrari,Ferrari,Italian,http://en.wikipedia.org/wiki/Scuderia_Ferrari
1974,hesketh,Hesketh,British,http://en.wikipedia.org/wiki/Hesketh_Racing
1974,iso_marlboro,Iso Marlboro,British,http://en.wikipedia.org/wiki/Iso_Marlboro
1974,lola,Lola,British,http://en.wikipedia.org/wiki/MasterCard_Lola
1974,lyncar,Lyncar,British,http://en.wikipedia.org/wiki/Lyncar
1974,maki,Maki,Japanese,http://en.wikipedia.org/wiki/Maki_(cars)
1974,march,March,British,http://en.wikipedia.org/wiki/March_Engineering
1974,mclaren,McLaren,British,http://en.wikipedia.org/wiki/McLaren
1974,parnelli,Parnelli,American,http://en.wikipedia.org/wiki/Parnelli
1974,penske,Penske,American,http://en.wikipedia.org/wiki/Penske_Racing
1974,shadow,Shadow,British,http://en.wikipedia.org/wiki/Shadow_Racing_Cars
1974,surtees,Surtees,British,http://en.wikipedia.org/wiki/Surtees
1974,team_lotus,Team Lotus,British,http://en.wikipedia.org/wiki/Team_Lotus
1974,token,Token,British,http://en.wikipedia.org/wiki/Token_(Racing_team)
1974,trojan,Trojan,British,http://en.wikipedia.org/wiki/Trojan_(Racing_team)
1975,brabham,Brabham,British,http://en.wikipedia.org/wiki/Brabham
1975,brm,BRM,British,http://en.wikipedia.org/wiki/BRM
1975,hill,Embassy Hill,British,http://en.wikipedia.org/wiki/Hill_(constructor)
1975,ensign,Ensign,British,http://en.wikipedia.org/wiki/Ensign_%28racing_team%29
1975,ferrari,Ferrari,Italian,http://en.wikipedia.org/wiki/Scuderia_Ferrari
1975,fittipaldi,Fittipaldi,Brazilian,http://en.wikipedia.org/wiki/Fittipaldi_%28constructor%29
1975,hesketh,Hesketh,British,http://en.wikipedia.org/wiki/Hesketh_Racing
1975,lola,Lola,British,http://en.wikipedia.org/wiki/MasterCard_Lola
1975,lyncar,Lyncar,British,http://en.wikipedia.org/wiki/Lyncar
1975,maki,Maki,Japanese,http://en.wikipedia.org/wiki/Maki_(cars)
1975,march,March,British,http://en.wikipedia.org/wiki/March_Engineering
1975,mclaren,McLaren,British,http://en.wikipedia.org/wiki/McLaren
1975,parnelli,Parnelli,American,http://en.wikipedia.org/wiki/Parnelli
1975,penske,Penske,American,http://en.wikipedia.org/wiki/Penske_Racing
1975,shadow-ford,Shadow-Ford,British,http://en.wikipedia.org/wiki/Shadow_Racing_Cars
1975,shadow-matra,Shadow-Matra,British,http://en.wikipedia.org/wiki/Shadow_Racing_Cars
1975,surtees,Surtees,British,http://en.wikipedia.org/wiki/Surtees
1975,team_lotus,Team Lotus,British,http://en.wikipedia.org/wiki/Team_Lotus
1975,tyrrell,Tyrrell,British,http://en.wikipedia.org/wiki/Tyrrell_Racing
1976,boro,Boro,Dutch,http://en.wikipedia.org/wiki/Boro_(Formula_One)
1976,brabham-alfa_romeo,Brabham-Alfa Romeo,British,http://en.wikipedia.org/wiki/Brabham
1976,brabham-ford,Brabham-Ford,British,http://en.wikipedia.org/wiki/Brabham
1976,brm,BRM,British,http://en.wikipedia.org/wiki/BRM
1976,ensign,Ensign,British,http://en.wikipedia.org/wiki/Ensign_%28racing_team%29
1976,ferrari,Ferrari,Italian,http://en.wikipedia.org/wiki/Scuderia_Ferrari
1976,fittipaldi,Fittipaldi,Brazilian,http://en.wikipedia.org/wiki/Fittipaldi_%28constructor%29
1976,hesketh,Hesketh,British,http://en.wikipedia.org/wiki/Hesketh_Racing
1976,kojima,Kojima,Japanese,http://en.wikipedia.org/wiki/Kojima_Engineering
1976,ligier,Ligier,French,http://en.wikipedia.org/wiki/Ligier
1976,maki,Maki,Japanese,http://en.wikipedia.org/wiki/Maki_(cars)
1976,march,March,British,http://en.wikipedia.org/wiki/March_Engineering
1976,mclaren,McLaren,British,http://en.wikipedia.org/wiki/McLaren
1976,parnelli,Parnelli,American,http://en.wikipedia.org/wiki/Parnelli
1976,penske,Penske,American,http://en.wikipedia.org/wiki/Penske_Racing
1976,shadow,Shadow,British,http://en.wikipedia.org/wiki/Shadow_Racing_Cars
1976,surtees,Surtees,British,http://en.wikipedia.org/wiki/Surtees
1976,team_lotus,Team Lotus,British,http://en.wikipedia.org/wiki/Team_Lotus
1976,tyrrell,Tyrrell,British,http://en.wikipedia.org/wiki/Tyrrell_Racing
1976,williams,Williams,British,http://en.wikipedia.org/wiki/Williams_Grand_Prix_Engineering
1977,apollon,Apollon,Swiss,http://en.wikipedia.org/wiki/Apollon_(Formula_One)
1977,boro,Boro,Dutch,http://en.wikipedia.org/wiki/Boro_(Formula_One)
1977,brabham,Brabham,British,http://en.wikipedia.org/wiki/Brabham
1977,brm,BRM,British,http://en.wikipedia.org/wiki/BRM
1977,ensign,Ensign,British,http://en.wikipedia.org/wiki/Ensign_%28racing_team%29
1977,ferrari,Ferrari,Italian,http://en.wikipedia.org/wiki/Scuderia_Ferrari
1977,fittipaldi,Fittipaldi,Brazilian,http://en.wikipedia.org/wiki/Fittipaldi_%28constructor%29
1977,hesketh,Hesketh,British,http://en.wikipedia.org/wiki/Hesketh_Racing
1977,kojima,Kojima,Japanese,http://en.wikipedia.org/wiki/Kojima_Engineering
1977,lec,LEC,British,http://en.wikipedia.org/wiki/LEC_(Formula_One)
1977,ligier,Ligier,French,http://en.wikipedia.org/wiki/Ligier
1977,march,March,British,http://en.wikipedia.org/wiki/March_Engineering
1977,mcguire,McGuire,Australian,http://en.wikipedia.org/wiki/McGuire_(Formula_One)
1977,mclaren,McLaren,British,http://en.wikipedia.org/wiki/McLaren
1977,penske,Penske,American,http://en.wikipedia.org/wiki/Penske_Racing
1977,renault,Renault,French,http://en.wikipedia.org/wiki/Renault_in_Formula_One
1977,shadow,Shadow,British,http://en.wikipedia.org/wiki/Shadow_Racing_Cars
1977,surtees,Surtees,British,http://en.wikipedia.org/wiki/Surtees
1977,team_lotus,Team Lotus,British,http://en.wikipedia.org/wiki/Team_Lotus
1977,tyrrell,Tyrrell,British,http://en.wikipedia.org/wiki/Tyrrell_Racing
1978,arrows,Arrows,British,http://en.wikipedia.org/wiki/Arrows_Grand_Prix_International
1978,ats,ATS,Italian,http://en.wikipedia.org/wiki/ATS_(wheels)
1978,brabham,Brabham,British,http://en.wikipedia.org/wiki/Brabham
1978,ensign,Ensign,British,http://en.wikipedia.org/wiki/Ensign_%28racing_team%29
1978,ferrari,Ferrari,Italian,http://en.wikipedia.org/wiki/Scuderia_Ferrari
1978,fittipaldi,Fittipaldi,Brazilian,http://en.wikipedia.org/wiki/Fittipaldi_%28constructor%29
1978,hesketh,Hesketh,British,http://en.wikipedia.org/wiki/Hesketh_Racing
1978,ligier,Ligier,French,http://en.wikipedia.org/wiki/Ligier
1978,martini,Martini,French,http://en.wikipedia.org/wiki/Martini_(cars)
1978,mclaren,McLaren,British,http://en.wikipedia.org/wiki/McLaren
1978,merzario,Merzario,Italian,http://en.wikipedia.org/wiki/Merzario
1978,renault,Renault,French,http://en.wikipedia.org/wiki/Renault_in_Formula_One
1978,shadow,Shadow,British,http://en.wikipedia.org/wiki/Shadow_Racing_Cars
1978,surtees,Surtees,British,http://en.wikipedia.org/wiki/Surtees
1978,team_lotus,Team Lotus,British,http://en.wikipedia.org/wiki/Team_Lotus
1978,theodore,Theodore,Hong Kong,http://en.wikipedia.org/wiki/Theodore_Racing
1978,tyrrell,Tyrrell,British,http://en.wikipedia.org/wiki/Tyrrell_Racing
1978,williams,Williams,British,http://en.wikipedia.org/wiki/Williams_Grand_Prix_Engineering
1979,alfa,Alfa Romeo,Swiss,http://en.wikipedia.org/wiki/Alfa_Romeo_in_Formula_One
1979,arrows,Arrows,British,http://en.wikipedia.org/wiki/Arrows_Grand_Prix_International
1979,ats,ATS,Italian,http://en.wikipedia.org/wiki/ATS_(wheels)
1979,brabham-alfa_romeo,Brabham-Alfa Romeo,British,http://en.wikipedia.org/wiki/Brabham
1979,brabham-ford,Brabham-Ford,British,http://en.wikipedia.org/wiki/Brabham
1979,ensign,Ensign,British,http://en.wikipedia.org/wiki/Ensign_%28racing_team%29
1979,ferrari,Ferrari,Italian,http://en.wikipedia.org/wiki/Scuderia_Ferrari
1979,fittipaldi,Fittipaldi,Brazilian,http://en.wikipedia.org/wiki/Fittipaldi_%28constructor%29
1979,kauhsen,Kauhsen,German,http://en.wikipedia.org/wiki/Kauhsen
1979,ligier,Ligier,French,http://en.wikipedia.org/wiki/Ligier
1979,mclaren,McLaren,British,http://en.wikipedia.org/wiki/McLaren
1979,merzario,Merzario,Italian,http://en.wikipedia.org/wiki/Merzario
1979,rebaque,Rebaque,Mexican,http://en.wikipedia.org/wiki/Rebaque
1979,renault,Renault,French,http://en.wikipedia.org/wiki/Renault_in_Formula_One
1979,shadow,Shadow,British,http://en.wikipedia.org/wiki/Shadow_Racing_Cars
1979,team_lotus,Team Lotus,British,http://en.wikipedia.org/wiki/Team_Lotus
1979,tyrrell,Tyrrell,British,http://en.wikipedia.org/wiki/Tyrrell_Racing
1979,williams,Williams,British,http://en.wikipedia.org/wiki/Williams_Grand_Prix_Engineering
1980,alfa,Alfa Romeo,Swiss,http://en.wikipedia.org/wiki/Alfa_Romeo_in_Formula_One
1980,arrows,Arrows,British,http://en.wikipedia.org/wiki/Arrows_Grand_Prix_International
1980,ats,ATS,Italian,http://en.wikipedia.org/wiki/ATS_(wheels)
1980,brabham,Brabham,British,http://en.wikipedia.org/wiki/Brabham
1980,ensign,Ensign,British,http://en.wikipedia.org/wiki/Ensign_%28racing_team%29
1980,ferrari,Ferrari,Italian,http://en.wikipedia.org/wiki/Scuderia_Ferrari
1980,fittipaldi,Fittipaldi,Brazilian,http://en.wikipedia.org/wiki/Fittipaldi_%28constructor%29
1980,ligier,Ligier,French,http://en.wikipedia.org/wiki/Ligier
1980,mclaren,McLaren,British,http://en.wikipedia.org/wiki/McLaren
1980,osella,Osella,Italian,http://en.wikipedia.org/wiki/Osella
1980,renault,Renault,French,http://en.wikipedia.org/wiki/Renault_in_Formula_One
1980,shadow,Shadow,British,http://en.wikipedia.org/wiki/Shadow_Racing_Cars
1980,team_lotus,Team Lotus,British,http://en.wikipedia.org/wiki/Team_Lotus
1980,tyrrell,Tyrrell,British,http://en.wikipedia.org/wiki/Tyrrell_Racing
1981,alfa,Alfa Romeo,Swiss,http://en.wikipedia.org/wiki/Alfa_Romeo_in_Formula_One
1981,arrows,Arrows,British,http://en.wikipedia.org/wiki/Arrows_Grand_Prix_International
1981,ats,ATS,Italian,http://en.wikipedia.org/wiki/ATS_(wheels)
1981,brabham,Brabham,British,http://en.wikipedia.org/wiki/Brabham
1981,ensign,Ensign,British,http://en.wikipedia.org/wiki/Ensign_%28racing_team%29
1981,ferrari,Ferrari,Italian,http://en.wikipedia.org/wiki/Scuderia_Ferrari
1981,fittipaldi,Fittipaldi,Brazilian,http://en.wikipedia.org/wiki/Fittipaldi_%28constructor%29
1981,ligier,Ligier,French,http://en.wikipedia.org/wiki/Ligier
1981,march,March,British,http://en.wikipedia.org/wiki/March_Engineering
1981,mclaren,McLaren,British,http://en.wikipedia.org/wiki/McLaren
1981,osella,Osella,Italian,http://en.wikipedia.org/wiki/Osella
1981,renault,Renault,French,http://en.wikipedia.org/wiki/Renault_in_Formula_One
1981,team_lotus,Team Lotus,British,http://en.wikipedia.org/wiki/Team_Lotus
1981,theodore,Theodore,Hong Kong,http://en.wikipedia.org/wiki/Theodore_Racing
1981,toleman,Toleman,British,http://en.wikipedia.org/wiki/Toleman
1981,tyrrell,Tyrrell,British,http://en.wikipedia.org/wiki/Tyrrell_Racing
1982,alfa,Alfa Romeo,Swiss,http://en.wikipedia.org/wiki/Alfa_Romeo_in_Formula_One
1982,arrows,Arrows,British,http://en.wikipedia.org/wiki/Arrows_Grand_Prix_International
1982,ats,ATS,Italian,http://en.wikipedia.org/wiki/ATS_(wheels)
1982,brabham,Brabham,British,http://en.wikipedia.org/wiki/Brabham
1982,ensign,Ensign,British,http://en.wikipedia.org/wiki/Ensign_%28racing_team%29
1982,ferrari,Ferrari,Italian,http://en.wikipedia.org/wiki/Scuderia_Ferrari
1982,fittipaldi,Fittipaldi,Brazilian,http://en.wikipedia.org/wiki/Fittipaldi_%28constructor%29
1982,ligier,Ligier,French,http://en.wikipedia.org/wiki/Ligier
1982,march,March,British,http://en.wikipedia.org/wiki/March_Engineering
1982,mclaren,McLaren,British,http://en.wikipedia.org/wiki/McLaren
1982,osella,Osella,Italian,http://en.wikipedia.org/wiki/Osella
1982,renault,Renault,French,http://en.wikipedia.org/wiki/Renault_in_Formula_One
1982,team_lotus,Team Lotus,British,http://en.wikipedia.org/wiki/Team_Lotus
1982,theodore,Theodore,Hong Kong,http://en.wikipedia.org/wiki/Theodore_Racing
1982,toleman,Toleman,British,http://en.wikipedia.org/wiki/Toleman
1982,tyrrell,Tyrrell,British,http://en.wikipedia.org/wiki/Tyrrell_Racing
1983,alfa,Alfa Romeo,Swiss,http://en.wikipedia.org/wiki/Alfa_Romeo_in_Formula_One
1983,arrows,Arrows,British,http://en.wikipedia.org/wiki/Arrows_Grand_Prix_International
1983,ats,ATS,Italian,http://en.wikipedia.org/wiki/ATS_(wheels)
1983,brabham,Brabham,British,http://en.wikipedia.org/wiki/Brabham
1983,ferrari,Ferrari,Italian,http://en.wikipedia.org/wiki/Scuderia_Ferrari
1983,ligier,Ligier,French,http://en.wikipedia.org/wiki/Ligier
1983,mclaren,McLaren,British,http://en.wikipedia.org/wiki/McLaren
1983,osella,Osella,Italian,http://en.wikipedia.org/wiki/Osella
1983,ram,RAM,British,http://en.wikipedia.org/wiki/RAM_Racing
1983,renault,Renault,French,http://en.wikipedia.org/wiki/Renault_in_Formula_One
1983,spirit,Spirit,British,http://en.wikipedia.org/wiki/Spirit_(racing_team)
1983,team_lotus,Team Lotus,British,http://en.wikipedia.org/wiki/Team_Lotus
1983,theodore,Theodore,Hong Kong,http://en.wikipedia.org/wiki/Theodore_Racing
1983,toleman,Toleman,British,http://en.wikipedia.org/wiki/Toleman
1983,tyrrell,Tyrrell,British,http://en.wikipedia.org/wiki/Tyrrell_Racing
1984,alfa,Alfa Romeo,Swiss,http://en.wikipedia.org/wiki/Alfa_Romeo_in_Formula_One
1984,arrows,Arrows,British,http://en.wikipedia.org/wiki/Arrows_Grand_Prix_International
1984,ats,ATS,Italian,http://en.wikipedia.org/wiki/ATS_(wheels)
1984,brabham,Brabham,British,http://en.wikipedia.org/wiki/Brabham
1984,ferrari,Ferrari,Italian,http://en.wikipedia.org/wiki/Scuderia_Ferrari
1984,ligier,Ligier,French,http://en.wikipedia.org/wiki/Ligier
1984,mclaren,McLaren,British,http://en.wikipedia.org/wiki/McLaren
1984,osella,Osella,Italian,http://en.wikipedia.org/wiki/Osella
1984,ram,RAM,British,http://en.wikipedia.org/wiki/RAM_Racing
1984,renault,Renault,French,http://en.wikipedia.org/wiki/Renault_in_Formula_One
1984,spirit,Spirit,British,http://en.wikipedia.org/wiki/Spirit_(racing_team)
1984,team_lotus,Team Lotus,British,http://en.wikipedia.org/wiki/Team_Lotus
1984,toleman,Toleman,British,http://en.wikipedia.org/wiki/Toleman
1984,tyrrell,Tyrrell,British,http://en.wikipedia.org/wiki/Tyrrell_Racing
1985,alfa,Alfa Romeo,Swiss,http://en.wikipedia.org/wiki/Alfa_Romeo_in_Formula_One
1985,arrows,Arrows,British,http://en.wikipedia.org/wiki/Arrows_Grand_Prix_International
1985,brabham,Brabham,British,http://en.wikipedia.org/wiki/Brabham
1985,ferrari,Ferrari,Italian,http://en.wikipedia.org/wiki/Scuderia_Ferrari
1985,ligier,Ligier,French,http://en.wikipedia.org/wiki/Ligier
1985,lola,Lola,British,http://en.wikipedia.org/wiki/MasterCard_Lola
1985,mclaren,McLaren,British,http://en.wikipedia.org/wiki/McLaren
1985,minardi,Minardi,Italian,http://en.wikipedia.org/wiki/Minardi
1985,osella,Osella,Italian,http://en.wikipedia.org/wiki/Osella
1985,ram,RAM,British,http://en.wikipedia.org/wiki/RAM_Racing
1985,renault,Renault,French,http://en.wikipedia.org/wiki/Renault_in_Formula_One
1985,spirit,Spirit,British,http://en.wikipedia.org/wiki/Spirit_(racing_team)
1985,team_lotus,Team Lotus,British,http://en.wikipedia.org/wiki/Team_Lotus
1985,toleman,Toleman,British,http://en.wikipedia.org/wiki/Toleman
1985,tyrrell,Tyrrell,British,http://en.wikipedia.org/wiki/Tyrrell_Racing
1985,williams,Williams,British,http://en.wikipedia.org/wiki/Williams_Grand_Prix_Engineering
1986,ags,AGS,French,http://en.wikipedia.org/wiki/Automobiles_Gonfaronnaises_Sportives
1986,arrows,Arrows,British,http://en.wikipedia.org/wiki/Arrows_Grand_Prix_International
1986,benetton,Benetton,Italian,http://en.wikipedia.org/wiki/Benetton_Formula
1986,brabham,Brabham,British,http://en.wikipedia.org/wiki/Brabham
1986,ferrari,Ferrari,Italian,http://en.wikipedia.org/wiki/Scuderia_Ferrari
1986,ligier,Ligier,French,http://en.wikipedia.org/wiki/Ligier
1986,lola,Lola,British,http://en.wikipedia.org/wiki/MasterCard_Lola
1986,mclaren,McLaren,British,http://en.wikipedia.org/wiki/McLaren
1986,minardi,Minardi,Italian,http://en.wikipedia.org/wiki/Minardi
1986,osella,Osella,Italian,http://en.wikipedia.org/wiki/Osella
1986,team_lotus,Team Lotus,British,http://en.wikipedia.org/wiki/Team_Lotus
1986,tyrrell,Tyrrell,British,http://en.wikipedia.org/wiki/Tyrrell_Racing
1986,williams,Williams,British,http://en.wikipedia.org/wiki/Williams_Grand_Prix_Engineering
1987,ags,AGS,French,http://en.wikipedia.org/wiki/Automobiles_Gonfaronnaises_Sportives
1987,arrows,Arrows,British,http://en.wikipedia.org/wiki/Arrows_Grand_Prix_International
1987,benetton,Benetton,Italian,http://en.wikipedia.org/wiki/Benetton_Formula
1987,brabham,Brabham,British,http://en.wikipedia.org/wiki/Brabham
1987,coloni,Coloni,Italian,http://en.wikipedia.org/wiki/Enzo_Coloni_Racing_Car_Systems
1987,ferrari,Ferrari,Italian,http://en.wikipedia.org/wiki/Scuderia_Ferrari
1987,larrousse,Larrousse,French,http://en.wikipedia.org/wiki/Larrousse
1987,ligier,Ligier,French,http://en.wikipedia.org/wiki/Ligier
1987,march,March,British,http://en.wikipedia.org/wiki/March_Engineering
1987,mclaren,McLaren,British,http://en.wikipedia.org/wiki/McLaren
1987,minardi,Minardi,Italian,http://en.wikipedia.org/wiki/Minardi
1987,osella,Osella,Italian,http://en.wikipedia.org/wiki/Osella
1987,team_lotus,Team Lotus,British,http://en.wikipedia.org/wiki/Team_Lotus
1987,tyrrell,Tyrrell,British,http://en.wikipedia.org/wiki/Tyrrell_Racing
1987,williams,Williams,British,http://en.wikipedia.org/wiki/Williams_Grand_Prix_Engineering
1988,ags,AGS,French,http://en.wikipedia.org/wiki/Automobiles_Gonfaronnaises_Sportives
1988,arrows,Arrows,British,http://en.wikipedia.org/wiki/Arrows_Grand_Prix_International
1988,benetton,Benetton,Italian,http://en.wikipedia.org/wiki/Benetton_Formula
1988,coloni,Coloni,Italian,http://en.wikipedia.org/wiki/Enzo_Coloni_Racing_Car_Systems
1988,dallara,Dallara,Italian,http://en.wikipedia.org/wiki/Dallara
1988,eurobrun,Euro Brun,Italian,http://en.wikipedia.org/wiki/Euro_Brun
1988,ferrari,Ferrari,Italian,http://en.wikipedia.org/wiki/Scuderia_Ferrari
1988,larrousse,Larrousse,French,http://en.wikipedia.org/wiki/Larrousse
1988,ligier,Ligier,French,http://en.wikipedia.org/wiki/Ligier
1988,march,March,British,http://en.wikipedia.org/wiki/March_Engineering
1988,mclaren,McLaren,British,http://en.wikipedia.org/wiki/McLaren
1988,minardi,Minardi,Italian,http://en.wikipedia.org/wiki/Minardi
1988,osella,Osella,Italian,http://en.wikipedia.org/wiki/Osella
1988,rial,Rial,German,http://en.wikipedia.org/wiki/Rial_%28racing_team%29
1988,team_lotus,Team Lotus,British,http://en.wikipedia.org/wiki/Team_Lotus
1988,tyrrell,Tyrrell,British,http://en.wikipedia.org/wiki/Tyrrell_Racing
1988,williams,Williams,British,http://en.wikipedia.org/wiki/Williams_Grand_Prix_Engineering
1989,ags,AGS,French,http://en.wikipedia.org/wiki/Automobiles_Gonfaronnaises_Sportives
1989,arrows,Arrows,British,http://en.wikipedia.org/wiki/Arrows_Grand_Prix_International
1989,benetton,Benetton,Italian,http://en.wikipedia.org/wiki/Benetton_Formula
1989,brabham,Brabham,British,http://en.wikipedia.org/wiki/Brabham
1989,coloni,Coloni,Italian,http://en.wikipedia.org/wiki/Enzo_Coloni_Racing_Car_Systems
1989,dallara,Dallara,Italian,http://en.wikipedia.org/wiki/Dallara
1989,eurobrun,Euro Brun,Italian,http://en.wikipedia.org/wiki/Euro_Brun
1989,ferrari,Ferrari,Italian,http://en.wikipedia.org/wiki/Scuderia_Ferrari
1989,larrousse,Larrousse,French,http://en.wikipedia.org/wiki/Larrousse
1989,ligier,Ligier,French,http://en.wikipedia.org/wiki/Ligier
1989,march,March,British,http://en.wikipedia.org/wiki/March_Engineering
1989,mclaren,McLaren,British,http://en.wikipedia.org/wiki/McLaren
1989,minardi,Minardi,Italian,http://en.wikipedia.org/wiki/Minardi
1989,onyx,Onyx,British,http://en.wikipedia.org/wiki/Onyx_(racing_team)
1989,osella,Osella,Italian,http://en.wikipedia.org/wiki/Osella
1989,rial,Rial,German,http://en.wikipedia.org/wiki/Rial_%28racing_team%29
1989,team_lotus,Team Lotus,British,http://en.wikipedia.org/wiki/Team_Lotus
1989,tyrrell,Tyrrell,British,http://en.wikipedia.org/wiki/Tyrrell_Racing
1989,williams,Williams,British,http://en.wikipedia.org/wiki/Williams_Grand_Prix_Engineering
1990,ags,AGS,French,http://en.wikipedia.org/wiki/Automobiles_Gonfaronnaises_Sportives
1990,arrows,Arrows,British,http://en.wikipedia.org/wiki/Arrows_Grand_Prix_International
1990,benetton,Benetton,Italian,http://en.wikipedia.org/wiki/Benetton_Formula
1990,brabham,Brabham,British,http://en.wikipedia.org/wiki/Brabham
1990,coloni,Coloni,Italian,http://en.wikipedia.org/wiki/Enzo_Coloni_Racing_Car_Systems
1990,dallara,Dallara,Italian,http://en.wikipedia.org/wiki/Dallara
1990,eurobrun,Euro Brun,Italian,http://en.wikipedia.org/wiki/Euro_Brun
1990,ferrari,Ferrari,Italian,http://en.wikipedia.org/wiki/Scuderia_Ferrari
1990,larrousse,Larrousse,French,http://en.wikipedia.org/wiki/Larrousse
1990,leyton,Leyton House,British,http://en.wikipedia.org/wiki/Leyton_House
1990,life,Life,Italian,http://en.wikipedia.org/wiki/Life_(Racing_Team)
1990,ligier,Ligier,French,http://en.wikipedia.org/wiki/Ligier
1990,mclaren,McLaren,British,http://en.wikipedia.org/wiki/McLaren
1990,minardi,Minardi,Italian,http://en.wikipedia.org/wiki/Minardi
1990,onyx,Onyx,British,http://en.wikipedia.org/wiki/Onyx_(racing_team)
1990,osella,Osella,Italian,http://en.wikipedia.org/wiki/Osella
1990,team_lotus,Team Lotus,British,http://en.wikipedia.org/wiki/Team_Lotus
1990,tyrrell,Tyrrell,British,http://en.wikipedia.org/wiki/Tyrrell_Racing
1991,ags,AGS,French,http://en.wikipedia.org/wiki/Automobiles_Gonfaronnaises_Sportives
1991,benetton,Benetton,Italian,http://en.wikipedia.org/wiki/Benetton_Formula
1991,brabham,Brabham,British,http://en.wikipedia.org/wiki/Brabham
1991,coloni,Coloni,Italian,http://en.wikipedia.org/wiki/Enzo_Coloni_Racing_Car_Systems
1991,dallara,Dallara,Italian,http://en.wikipedia.org/wiki/Dallara
1991,ferrari,Ferrari,Italian,http://en.wikipedia.org/wiki/Scuderia_Ferrari
1991,fondmetal,Fondmetal,Italian,http://en.wikipedia.org/wiki/Fondmetal
1991,footwork,Footwork,British,http://en.wikipedia.org/wiki/Footwork_Arrows
1991,jordan,Jordan,Irish,http://en.wikipedia.org/wiki/Jordan_Grand_Prix
1991,lambo,Lambo,Italian,http://en.wikipedia.org/wiki/Modena_(racing_team)
1991,larrousse,Larrousse,French,http://en.wikipedia.org/wiki/Larrousse
1991,leyton,Leyton House,British,http://en.wikipedia.org/wiki/Leyton_House
1991,ligier,Ligier,French,http://en.wikipedia.org/wiki/Ligier
1991,lola,Lola,British,http://en.wikipedia.org/wiki/MasterCard_Lola
1991,mclaren,McLaren,British,http://en.wikipedia.org/wiki/McLaren
1991,minardi,Minardi,Italian,http://en.wikipedia.org/wiki/Minardi
1991,team_lotus,Team Lotus,British,http://en.wikipedia.org/wiki/Team_Lotus
1991,tyrrell,Tyrrell,British,http://en.wikipedia.org/wiki/Tyrrell_Racing
1992,moda,Andrea Moda,Italian,http://en.wikipedia.org/wiki/Andrea_Moda_Formula
1992,benetton,Benetton,Italian,http://en.wikipedia.org/wiki/Benetton_Formula
1992,brabham,Brabham,British,http://en.wikipedia.org/wiki/Brabham
1992,dallara,Dallara,Italian,http://en.wikipedia.org/wiki/Dallara
1992,ferrari,Ferrari,Italian,http://en.wikipedia.org/wiki/Scuderia_Ferrari
1992,fondmetal,Fondmetal,Italian,http://en.wikipedia.org/wiki/Fondmetal
1992,footwork,Footwork,British,http://en.wikipedia.org/wiki/Footwork_Arrows
1992,jordan,Jordan,Irish,http://en.wikipedia.org/wiki/Jordan_Grand_Prix
1992,larrousse,Larrousse,French,http://en.wikipedia.org/wiki/Larrousse
1992,ligier,Ligier,French,http://en.wikipedia.org/wiki/Ligier
1992,march,March,British,http://en.wikipedia.org/wiki/March_Engineering
1992,mclaren,McLaren,British,http://en.wikipedia.org/wiki/McLaren
1992,minardi,Minardi,Italian,http://en.wikipedia.org/wiki/Minardi
1992,team_lotus,Team Lotus,British,http://en.wikipedia.org/wiki/Team_Lotus
1992,tyrrell,Tyrrell,British,http://en.wikipedia.org/wiki/Tyrrell_Racing
1993,benetton,Benetton,Italian,http://en.wikipedia.org/wiki/Benetton_Formula
1993,ferrari,Ferrari,Italian,http://en.wikipedia.org/wiki/Scuderia_Ferrari
1993,footwork,Footwork,British,http://en.wikipedia.org/wiki/Footwork_Arrows
1993,jordan,Jordan,Irish,http://en.wikipedia.org/wiki/Jordan_Grand_Prix
1993,larrousse,Larrousse,French,http://en.wikipedia.org/wiki/Larrousse
1993,ligier,Ligier,French,http://en.wikipedia.org/wiki/Ligier
1993,lola,Lola,British,http://en.wikipedia.org/wiki/MasterCard_Lola
1993,mclaren,McLaren,British,http://en.wikipedia.org/wiki/McLaren
1993,minardi,Minardi,Italian,http://en.wikipedia.org/wiki/Minardi
1993,sauber,Sauber,Swiss,http://en.wikipedia.org/wiki/Sauber
1993,team_lotus,Team Lotus,British,http://en.wikipedia.org/wiki/Team_Lotus
1993,tyrrell,Tyrrell,British,http://en.wikipedia.org/wiki/Tyrrell_Racing
1994,benetton,Benetton,Italian,http://en.wikipedia.org/wiki/Benetton_Formula
1994,ferrari,Ferrari,Italian,http://en.wikipedia.org/wiki/Scuderia_Ferrari
1994,footwork,Footwork,British,http://en.wikipedia.org/wiki/Footwork_Arrows
1994,jordan,Jordan,Irish,http://en.wikipedia.org/wiki/Jordan_Grand_Prix
1994,larrousse,Larrousse,French,http://en.wikipedia.org/wiki/Larrousse
1994,ligier,Ligier,French,http://en.wikipedia.org/wiki/Ligier
1994,mclaren,McLaren,British,http://en.wikipedia.org/wiki/McLaren
1994,minardi,Minardi,Italian,http://en.wikipedia.org/wiki/Minardi
1994,pacific,Pacific,British,http://en.wikipedia.org/wiki/Pacific_Racing
1994,sauber,Sauber,Swiss,http://en.wikipedia.org/wiki/Sauber
1994,simtek,Simtek,British,http://en.wikipedia.org/wiki/Simtek
1994,team_lotus,Team Lotus,British,http://en.wikipedia.org/wiki/Team_Lotus
1994,tyrrell,Tyrrell,British,http://en.wikipedia.org/wiki/Tyrrell_Racing
1995,benetton,Benetton,Italian,http://en.wikipedia.org/wiki/Benetton_Formula
1995,ferrari,Ferrari,Italian,http://en.wikipedia.org/wiki/Scuderia_Ferrari
1995,footwork,Footwork,British,http://en.wikipedia.org/wiki/Footwork_Arrows
1995,forti,Forti,Italian,http://en.wikipedia.org/wiki/Forti
1995,jordan,Jordan,Irish,http://en.wikipedia.org/wiki/Jordan_Grand_Prix
1995,ligier,Ligier,French,http://en.wikipedia.org/wiki/Ligier
1995,mclaren,McLaren,British,http://en.wikipedia.org/wiki/McLaren
1995,minardi,Minardi,Italian,http://en.wikipedia.org/wiki/Minardi
1995,pacific,Pacific,British,http://en.wikipedia.org/wiki/Pacific_Racing
1995,sauber,Sauber,Swiss,http://en.wikipedia.org/wiki/Sauber
1995,simtek,Simtek,British,http://en.wikipedia.org/wiki/Simtek
1995,tyrrell,Tyrrell,British,http://en.wikipedia.org/wiki/Tyrrell_Racing
1996,benetton,Benetton,Italian,http://en.wikipedia.org/wiki/Benetton_Formula
1996,ferrari,Ferrari,Italian,http://en.wikipedia.org/wiki/Scuderia_Ferrari
1996,footwork,Footwork,British,http://en.wikipedia.org/wiki/Footwork_Arrows
1996,forti,Forti,Italian,http://en.wikipedia.org/wiki/Forti
1996,jordan,Jordan,Irish,http://en.wikipedia.org/wiki/Jordan_Grand_Prix
1996,ligier,Ligier,French,http://en.wikipedia.org/wiki/Ligier
1996,mclaren,McLaren,British,http://en.wikipedia.org/wiki/McLaren
1996,minardi,Minardi,Italian,http://en.wikipedia.org/wiki/Minardi
1996,sauber,Sauber,Swiss,http://en.wikipedia.org/wiki/Sauber
1996,tyrrell,Tyrrell,British,http://en.wikipedia.org/wiki/Tyrrell_Racing
1997,arrows,Arrows,British,http://en.wikipedia.org/wiki/Arrows_Grand_Prix_International
1997,benetton,Benetton,Italian,http://en.wikipedia.org/wiki/Benetton_Formula
1997,ferrari,Ferrari,Italian,http://en.wikipedia.org/wiki/Scuderia_Ferrari
1997,jordan,Jordan,Irish,http://en.wikipedia.org/wiki/Jordan_Grand_Prix
1997,lola,Lola,British,http://en.wikipedia.org/wiki/MasterCard_Lola
1997,mclaren,McLaren,British,http://en.wikipedia.org/wiki/McLaren
1997,minardi,Minardi,Italian,http://en.wikipedia.org/wiki/Minardi
1997,prost,Prost,French,http://en.wikipedia.org/wiki/Prost_Grand_Prix
1997,sauber,Sauber,Swiss,http://en.wikipedia.org/wiki/Sauber
1997,stewart,Stewart,British,http://en.wikipedia.org/wiki/Stewart_Grand_Prix
1997,tyrrell,Tyrrell,British,http://en.wikipedia.org/wiki/Tyrrell_Racing
1998,arrows,Arrows,British,http://en.wikipedia.org/wiki/Arrows_Grand_Prix_International
1998,benetton,Benetton,Italian,http://en.wikipedia.org/wiki/Benetton_Formula
1998,ferrari,Ferrari,Italian,http://en.wikipedia.org/wiki/Scuderia_Ferrari
1998,jordan,Jordan,Irish,http://en.wikipedia.org/wiki/Jordan_Grand_Prix
1998,mclaren,McLaren,British,http://en.wikipedia.org/wiki/McLaren
1998,minardi,Minardi,Italian,http://en.wikipedia.org/wiki/Minardi
1998,prost,Prost,French,http://en.wikipedia.org/wiki/Prost_Grand_Prix
1998,sauber,Sauber,Swiss,http://en.wikipedia.org/wiki/Sauber
1998,stewart,Stewart,British,http://en.wikipedia.org/wiki/Stewart_Grand_Prix
1998,tyrrell,Tyrrell,British,http://en.wikipedia.org/wiki/Tyrrell_Racing
1999,arrows,Arrows,British,http://en.wikipedia.org/wiki/Arrows_Grand_Prix_International
1999,bar,BAR,British,http://en.wikipedia.org/wiki/British_American_Racing
1999,benetton,Benetton,Italian,http://en.wikipedia.org/wiki/Benetton_Formula
1999,ferrari,Ferrari,Italian,http://en.wikipedia.org/wiki/Scuderia_Ferrari
1999,jordan,Jordan,Irish,http://en.wikipedia.org/wiki/Jordan_Grand_Prix
1999,mclaren,McLaren,British,http://en.wikipedia.org/wiki/McLaren
1999,minardi,Minardi,Italian,http://en.wikipedia.org/wiki/Minardi
1999,prost,Prost,French,http://en.wikipedia.org/wiki/Prost_Grand_Prix
1999,sauber,Sauber,Swiss,http://en.wikipedia.org/wiki/Sauber
1999,stewart,Stewart,British,http://en.wikipedia.org/wiki/Stewart_Grand_Prix
2000,arrows,Arrows,British,http://en.wikipedia.org/wiki/Arrows_Grand_Prix_International
2000,bar,BAR,British,http://en.wikipedia.org/wiki/British_American_Racing
2000,benetton,Benetton,Italian,http://en.wikipedia.org/wiki/Benetton_Formula
2000,ferrari,Ferrari,Italian,http://en.wikipedia.org/wiki/Scuderia_Ferrari
2000,jaguar,Jaguar,British,http://en.wikipedia.org/wiki/Jaguar_Racing
2000,jordan,Jordan,Irish,http://en.wikipedia.org/wiki/Jordan_Grand_Prix
2000,mclaren,McLaren,British,http://en.wikipedia.org/wiki/McLaren
2000,minardi,Minardi,Italian,http://en.wikipedia.org/wiki/Minardi
2000,prost,Prost,French,http://en.wikipedia.org/wiki/Prost_Grand_Prix
2000,sauber,Sauber,Swiss,http://en.wikipedia.org/wiki/Sauber
2001,arrows,Arrows,British,http://en.wikipedia.org/wiki/Arrows_Grand_Prix_International
2001,bar,BAR,British,http://en.wikipedia.org/wiki/British_American_Racing
2001,benetton,Benetton,Italian,http://en.wikipedia.org/wiki/Benetton_Formula
2001,ferrari,Ferrari,Italian,http://en.wikipedia.org/wiki/Scuderia_Ferrari
2001,jaguar,Jaguar,British,http://en.wikipedia.org/wiki/Jaguar_Racing
2001,jordan,Jordan,Irish,http://en.wikipedia.org/wiki/Jordan_Grand_Prix
2001,mclaren,McLaren,British,http://en.wikipedia.org/wiki/McLaren
2001,minardi,Minardi,Italian,http://en.wikipedia.org/wiki/Minardi
2001,prost,Prost,French,http://en.wikipedia.org/wiki/Prost_Grand_Prix
2001,sauber,Sauber,Swiss,http://en.wikipedia.org/wiki/Sauber
2002,arrows,Arrows,British,http://en.wikipedia.org/wiki/Arrows_Grand_Prix_International
2002,bar,BAR,British,http://en.wikipedia.org/wiki/British_American_Racing
2002,ferrari,Ferrari,Italian,http://en.wikipedia.org/wiki/Scuderia_Ferrari
2002,jaguar,Jaguar,British,http://en.wikipedia.org/wiki/Jaguar_Racing
2002,jordan,Jordan,Irish,http://en.wikipedia.org/wiki/Jordan_Grand_Prix
2002,mclaren,McLaren,British,http://en.wikipedia.org/wiki/McLaren
2002,minardi,Minardi,Italian,http://en.wikipedia.org/wiki/Minardi
2002,renault,Renault,French,http://en.wikipedia.org/wiki/Renault_in_Formula_One
2002,sauber,Sauber,Swiss,http://en.wikipedia.org/wiki/Sauber
2002,toyota,Toyota,Japanese,http://en.wikipedia.org/wiki/Toyota_Racing
2003,bar,BAR,British,http://en.wikipedia.org/wiki/British_American_Racing
2003,ferrari,Ferrari,Italian,http://en.wikipedia.org/wiki/Scuderia_Ferrari
2003,jaguar,Jaguar,British,http://en.wikipedia.org/wiki/Jaguar_Racing
2003,jordan,Jordan,Irish,http://en.wikipedia.org/wiki/Jordan_Grand_Prix
2003,mclaren,McLaren,British,http://en.wikipedia.org/wiki/McLaren
2003,minardi,Minardi,Italian,http://en.wikipedia.org/wiki/Minardi
2003,renault,Renault,French,http://en.wikipedia.org/wiki/Renault_in_Formula_One
2003,sauber,Sauber,Swiss,http://en.wikipedia.org/wiki/Sauber
2003,toyota,Toyota,Japanese,http://en.wikipedia.org/wiki/Toyota_Racing
2004,bar,BAR,British,http://en.wikipedia.org/wiki/British_American_Racing
2004,ferrari,Ferrari,Italian,http://en.wikipedia.org/wiki/Scuderia_Ferrari
2004,jaguar,Jaguar,British,http://en.wikipedia.org/wiki/Jaguar_Racing
2004,jordan,Jordan,Irish,http://en.wikipedia.org/wiki/Jordan_Grand_Prix
2004,mclaren,McLaren,British,http://en.wikipedia.org/wiki/McLaren
2004,minardi,Minardi,Italian,http://en.wikipedia.org/wiki/Minardi
2004,renault,Renault,French,http://en.wikipedia.org/wiki/Renault_in_Formula_One
2004,sauber,Sauber,Swiss,http://en.wikipedia.org/wiki/Sauber
2004,toyota,Toyota,Japanese,http://en.wikipedia.org/wiki/Toyota_Racing
2005,bar,BAR,British,http://en.wikipedia.org/wiki/British_American_Racing
2005,ferrari,Ferrari,Italian,http://en.wikipedia.org/wiki/Scuderia_Ferrari
2005,jordan,Jordan,Irish,http://en.wikipedia.org/wiki/Jordan_Grand_Prix
2005,mclaren,McLaren,British,http://en.wikipedia.org/wiki/McLaren
2005,minardi,Minardi,Italian,http://en.wikipedia.org/wiki/Minardi
2005,red_bull,Red Bull,Austrian,http://en.wikipedia.org/wiki/Red_Bull_Racing
2005,renault,Renault,French,http://en.wikipedia.org/wiki/Renault_in_Formula_One
2005,sauber,Sauber,Swiss,http://en.wikipedia.org/wiki/Sauber
2005,toyota,Toyota,Japanese,http://en.wikipedia.org/wiki/Toyota_Racing
2006,bmw_sauber,BMW Sauber,German,http://en.wikipedia.org/wiki/BMW_Sauber
2006,ferrari,Ferrari,Italian,http://en.wikipedia.org/wiki/Scuderia_Ferrari
2006,honda,Honda,Japanese,http://en.wikipedia.org/wiki/Honda_Racing_F1
2006,mclaren,McLaren,British,http://en.wikipedia.org/wiki/McLaren
2006,mf1,MF1,Russian,http://en.wikipedia.org/wiki/Midland_F1_Racing
2006,red_bull,Red Bull,Austrian,http://en.wikipedia.org/wiki/Red_Bull_Racing
2006,renault,Renault,French,http://en.wikipedia.org/wiki/Renault_in_Formula_One
2006,spyker_mf1,Spyker MF1,Dutch,http://en.wikipedia.org/wiki/Midland_F1_Racing
2006,super_aguri,Super Aguri,Japanese,http://en.wikipedia.org/wiki/Super_Aguri_F1
2006,toro_rosso,Toro Rosso,Italian,http://en.wikipedia.org/wiki/Scuderia_Toro_Rosso
2006,toyota,Toyota,Japanese,http://en.wikipedia.org/wiki/Toyota_Racing
2007,bmw_sauber,BMW Sauber,German,http://en.wikipedia.org/wiki/BMW_Sauber
2007,ferrari,Ferrari,Italian,http://en.wikipedia.org/wiki/Scuderia_Ferrari
2007,honda,Honda,Japanese,http://en.wikipedia.org/wiki/Honda_Racing_F1
2007,mclaren,McLaren,British,http://en.wikipedia.org/wiki/McLaren
2007,red_bull,Red Bull,Austrian,http://en.wikipedia.org/wiki/Red_Bull_Racing
2007,renault,Renault,French,http://en.wikipedia.org/wiki/Renault_in_Formula_One
2007,spyker,Spyker,Dutch,http://en.wikipedia.org/wiki/Spyker_F1
2007,super_aguri,Super Aguri,Japanese,http://en.wikipedia.org/wiki/Super_Aguri_F1
2007,toro_rosso,Toro Rosso,Italian,http://en.wikipedia.org/wiki/Scuderia_Toro_Rosso
2007,toyota,Toyota,Japanese,http://en.wikipedia.org/wiki/Toyota_Racing
2008,bmw_sauber,BMW Sauber,German,http://en.wikipedia.org/wiki/BMW_Sauber
2008,ferrari,Ferrari,Italian,http://en.wikipedia.org/wiki/Scuderia_Ferrari
2008,force_india,Force India,Indian,http://en.wikipedia.org/wiki/Racing_Point_Force_India
2008,honda,Honda,Japanese,http://en.wikipedia.org/wiki/Honda_Racing_F1
2008,mclaren,McLaren,British,http://en.wikipedia.org/wiki/McLaren
2008,red_bull,Red Bull,Austrian,http://en.wikipedia.org/wiki/Red_Bull_Racing
2008,renault,Renault,French,http://en.wikipedia.org/wiki/Renault_in_Formula_One
2008,super_aguri,Super Aguri,Japanese,http://en.wikipedia.org/wiki/Super_Aguri_F1
2008,toro_rosso,Toro Rosso,Italian,http://en.wikipedia.org/wiki/Scuderia_Toro_Rosso
2008,toyota,Toyota,Japanese,http://en.wikipedia.org/wiki/Toyota_Racing
2009,bmw_sauber,BMW Sauber,German,http://en.wikipedia.org/wiki/BMW_Sauber
2009,brawn,Brawn,British,http://en.wikipedia.org/wiki/Brawn_GP
2009,ferrari,Ferrari,Italian,http://en.wikipedia.org/wiki/Scuderia_Ferrari
2009,force_india,Force India,Indian,http://en.wikipedia.org/wiki/Racing_Point_Force_India
2009,mclaren,McLaren,British,http://en.wikipedia.org/wiki/McLaren
2009,red_bull,Red Bull,Austrian,http://en.wikipedia.org/wiki/Red_Bull_Racing
2009,renault,Renault,French,http://en.wikipedia.org/wiki/Renault_in_Formula_One
2009,toro_rosso,Toro Rosso,Italian,http://en.wikipedia.org/wiki/Scuderia_Toro_Rosso
2009,toyota,Toyota,Japanese,http://en.wikipedia.org/wiki/Toyota_Racing
2010,ferrari,Ferrari,Italian,http://en.wikipedia.org/wiki/Scuderia_Ferrari
2010,force_india,Force India,Indian,http://en.wikipedia.org/wiki/Racing_Point_Force_India
2010,hrt,HRT,Spanish,http://en.wikipedia.org/wiki/Hispania_Racing
2010,lotus_racing,Lotus,Malaysian,http://en.wikipedia.org/wiki/Lotus_Racing
2010,mclaren,McLaren,British,http://en.wikipedia.org/wiki/McLaren
2010,mercedes,Mercedes,German,http://en.wikipedia.org/wiki/Mercedes-Benz_in_Formula_One
2010,red_bull,Red Bull,Austrian,http://en.wikipedia.org/wiki/Red_Bull_Racing
2010,renault,Renault,French,http://en.wikipedia.org/wiki/Renault_in_Formula_One
2010,sauber,Sauber,Swiss,http://en.wikipedia.org/wiki/Sauber
2010,toro_rosso,Toro Rosso,Italian,http://en.wikipedia.org/wiki/Scuderia_Toro_Rosso
2010,virgin,Virgin,British,http://en.wikipedia.org/wiki/Virgin_Racing
2011,ferrari,Ferrari,Italian,http://en.wikipedia.org/wiki/Scuderia_Ferrari
2011,force_india,Force India,Indian,http://en.wikipedia.org/wiki/Racing_Point_Force_India
2011,hrt,HRT,Spanish,http://en.wikipedia.org/wiki/Hispania_Racing
2011,lotus_racing,Lotus,Malaysian,http://en.wikipedia.org/wiki/Lotus_Racing
2011,mclaren,McLaren,British,http://en.wikipedia.org/wiki/McLaren
2011,mercedes,Mercedes,German,http://en.wikipedia.org/wiki/Mercedes-Benz_in_Formula_One
2011,red_bull,Red Bull,Austrian,http://en.wikipedia.org/wiki/Red_Bull_Racing
2011,renault,Renault,French,http://en.wikipedia.org/wiki/Renault_in_Formula_One
2011,sauber,Sauber,Swiss,http://en.wikipedia.org/wiki/Sauber
2011,toro_rosso,Toro Rosso,Italian,http://en.wikipedia.org/wiki/Scuderia_Toro_Rosso
2011,virgin,Virgin,British,http://en.wikipedia.org/wiki/Virgin_Racing
2012,caterham,Caterham,Malaysian,http://en.wikipedia.org/wiki/Caterham_F1
2012,ferrari,Ferrari,Italian,http://en.wikipedia.org/wiki/Scuderia_Ferrari
2012,force_india,Force India,Indian,http://en.wikipedia.org/wiki/Racing_Point_Force_India
2012,hrt,HRT,Spanish,http://en.wikipedia.org/wiki/Hispania_Racing
2012,lotus_f1,Lotus F1,British,http://en.wikipedia.org/wiki/Lotus_F1
2012,marussia,Marussia,Russian,http://en.wikipedia.org/wiki/Marussia_F1
2012,mclaren,McLaren,British,http://en.wikipedia.org/wiki/McLaren
2012,mercedes,Mercedes,German,http://en.wikipedia.org/wiki/Mercedes-Benz_in_Formula_One
2012,red_bull,Red Bull,Austrian,http://en.wikipedia.org/wiki/Red_Bull_Racing
2012,sauber,Sauber,Swiss,http://en.wikipedia.org/wiki/Sauber
2012,toro_rosso,Toro Rosso,Italian,http://en.wikipedia.org/wiki/Scuderia_Toro_Rosso
2013,caterham,Caterham,Malaysian,http://en.wikipedia.org/wiki/Caterham_F1
2013,ferrari,Ferrari,Italian,http://en.wikipedia.org/wiki/Scuderia_Ferrari
2013,force_india,Force India,Indian,http://en.wikipedia.org/wiki/Racing_Point_Force_India
2013,lotus_f1,Lotus F1,British,http://en.wikipedia.org/wiki/Lotus_F1
2013,marussia,Marussia,Russian,http://en.wikipedia.org/wiki/Marussia_F1
2013,mclaren,McLaren,British,http://en.wikipedia.org/wiki/McLaren
2013,mercedes,Mercedes,German,http://en.wikipedia.org/wiki/Mercedes-Benz_in_Formula_One
2013,red_bull,Red Bull,Austrian,http://en.wikipedia.org/wiki/Red_Bull_Racing
2013,sauber,Sauber,Swiss,http://en.wikipedia.org/wiki/Sauber
2013,toro_rosso,Toro Rosso,Italian,http://en.wikipedia.org/wiki/Scuderia_Toro_Rosso
2014,caterham,Caterham,Malaysian,http://en.wikipedia.org/wiki/Caterham_F1
2014,ferrari,Ferrari,Italian,http://en.wikipedia.org/wiki/Scuderia_Ferrari
2014,force_india,Force India,Indian,http://en.wikipedia.org/wiki/Racing_Point_Force_India
2014,lotus_f1,Lotus F1,British,http://en.wikipedia.org/wiki/Lotus_F1
2014,marussia,Marussia,Russian,http://en.wikipedia.org/wiki/Marussia_F1
2014,mclaren,McLaren,British,http://en.wikipedia.org/wiki/McLaren
2014,mercedes,Mercedes,German,http://en.wikipedia.org/wiki/Mercedes-Benz_in_Formula_One
2014,red_bull,Red Bull,Austrian,http://en.wikipedia.org/wiki/Red_Bull_Racing
2014,sauber,Sauber,Swiss,http://en.wikipedia.org/wiki/Sauber
2014,toro_rosso,Toro Rosso,Italian,http://en.wikipedia.org/wiki/Scuderia_Toro_Rosso
2015,ferrari,Ferrari,Italian,http://en.wikipedia.org/wiki/Scuderia_Ferrari
2015,force_india,Force India,Indian,http://en.wikipedia.org/wiki/Racing_Point_Force_India
2015,lotus_f1,Lotus F1,British,http://en.wikipedia.org/wiki/Lotus_F1
2015,manor,Manor Marussia,British,http://en.wikipedia.org/wiki/Manor_Motorsport
2015,mclaren,McLaren,British,http://en.wikipedia.org/wiki/McLaren
2015,mercedes,Mercedes,German,http://en.wikipedia.org/wiki/Mercedes-Benz_in_Formula_One
2015,red_bull,Red Bull,Austrian,http://en.wikipedia.org/wiki/Red_Bull_Racing
2015,sauber,Sauber,Swiss,http://en.wikipedia.org/wiki/Sauber
2015,toro_rosso,Toro Rosso,Italian,http://en.wikipedia.org/wiki/Scuderia_Toro_Rosso
2016,ferrari,Ferrari,Italian,http://en.wikipedia.org/wiki/Scuderia_Ferrari
2016,force_india,Force India,Indian,http://en.wikipedia.org/wiki/Racing_Point_Force_India
2016,haas,Haas F1 Team,American,http://en.wikipedia.org/wiki/Haas_F1_Team
2016,manor,Manor Marussia,British,http://en.wikipedia.org/wiki/Manor_Motorsport
2016,mclaren,McLaren,British,http://en.wikipedia.org/wiki/McLaren
2016,mercedes,Mercedes,German,http://en.wikipedia.org/wiki/Mercedes-Benz_in_Formula_One
2016,red_bull,Red Bull,Austrian,http://en.wikipedia.org/wiki/Red_Bull_Racing
2016,renault,Renault,French,http://en.wikipedia.org/wiki/Renault_in_Formula_One
2016,sauber,Sauber,Swiss,http://en.wikipedia.org/wiki/Sauber
2016,toro_rosso,Toro Rosso,Italian,http://en.wikipedia.org/wiki/Scuderia_Toro_Rosso
2017,ferrari,Ferrari,Italian,http://en.wikipedia.org/wiki/Scuderia_Ferrari
2017,force_india,Force India,Indian,http://en.wikipedia.org/wiki/Racing_Point_Force_India
2017,haas,Haas F1 Team,American,http://en.wikipedia.org/wiki/Haas_F1_Team
2017,mclaren,McLaren,British,http://en.wikipedia.org/wiki/McLaren
2017,mercedes,Mercedes,German,http://en.wikipedia.org/wiki/Mercedes-Benz_in_Formula_One
2017,red_bull,Red Bull,Austrian,http://en.wikipedia.org/wiki/Red_Bull_Racing
2017,renault,Renault,French,http://en.wikipedia.org/wiki/Renault_in_Formula_One
2017,sauber,Sauber,Swiss,http://en.wikipedia.org/wiki/Sauber
2017,toro_rosso,Toro Rosso,Italian,http://en.wikipedia.org/wiki/Scuderia_Toro_Rosso
2018,ferrari,Ferrari,Italian,http://en.wikipedia.org/wiki/Scuderia_Ferrari
2018,force_india,Force India,Indian,http://en.wikipedia.org/wiki/Racing_Point_Force_India
2018,haas,Haas F1 Team,American,http://en.wikipedia.org/wiki/Haas_F1_Team
2018,mclaren,McLaren,British,http://en.wikipedia.org/wiki/McLaren
2018,mercedes,Mercedes,German,http://en.wikipedia.org/wiki/Mercedes-Benz_in_Formula_One
2018,red_bull,Red Bull,Austrian,http://en.wikipedia.org/wiki/Red_Bull_Racing
2018,renault,Renault,French,http://en.wikipedia.org/wiki/Renault_in_Formula_One
2018,sauber,Sauber,Swiss,http://en.wikipedia.org/wiki/Sauber
2018,toro_rosso,Toro Rosso,Italian,http://en.wikipedia.org/wiki/Scuderia_Toro_Rosso
2019,alfa,Alfa Romeo,Swiss,http://en.wikipedia.org/wiki/Alfa_Romeo_in_Formula_One
2019,ferrari,Ferrari,Italian,http://en.wikipedia.org/wiki/Scuderia_Ferrari
2019,haas,Haas F1 Team,American,http://en.wikipedia.org/wiki/Haas_F1_Team
2019,mclaren,McLaren,British,http://en.wikipedia.org/wiki/McLaren
2019,mercedes,Mercedes,German,http://en.wikipedia.org/wiki/Mercedes-Benz_in_Formula_One
2019,racing_point,Racing Point,British,http://en.wikipedia.org/wiki/Racing_Point_F1_Team
2019,red_bull,Red Bull,Austrian,http://en.wikipedia.org/wiki/Red_Bull_Racing
2019,renault,Renault,French,http://en.wikipedia.org/wiki/Renault_in_Formula_One
2019,toro_rosso,Toro Rosso,Italian,http://en.wikipedia.org/wiki/Scuderia_Toro_Rosso
2020,alfa,Alfa Romeo,Swiss,http://en.wikipedia.org/wiki/Alfa_Romeo_in_Formula_One
2020,alphatauri,AlphaTauri,Italian,http://en.wikipedia.org/wiki/Scuderia_AlphaTauri
2020,ferrari,Ferrari,Italian,http://en.wikipedia.org/wiki/Scuderia_Ferrari
2020,haas,Haas F1 Team,American,http://en.wikipedia.org/wiki/Haas_F1_Team
2020,mclaren,McLaren,British,http://en.wikipedia.org/wiki/McLaren
2020,mercedes,Mercedes,German,http://en.wikipedia.org/wiki/Mercedes-Benz_in_Formula_One
2020,racing_point,Racing Point,British,http://en.wikipedia.org/wiki/Racing_Point_F1_Team
2020,red_bull,Red Bull,Austrian,http://en.wikipedia.org/wiki/Red_Bull_Racing
2020,renault,Renault,French,http://en.wikipedia.org/wiki/Renault_in_Formula_One
2021,alfa,Alfa Romeo,Swiss,http://en.wikipedia.org/wiki/Alfa_Romeo_in_Formula_One
2021,alphatauri,AlphaTauri,Italian,http://en.wikipedia.org/wiki/Scuderia_AlphaTauri
2021,alpine,Alpine F1 Team,French,http://en.wikipedia.org/wiki/Alpine_F1_Team
2021,aston_martin,Aston Martin,British,http://en.wikipedia.org/wiki/Aston_Martin_in_Formula_One
2021,ferrari,Ferrari,Italian,http://en.wikipedia.org/wiki/Scuderia_Ferrari
2021,haas,Haas F1 Team,American,http://en.wikipedia.org/wiki/Haas_F1_Team
2021,mclaren,McLaren,British,http://en.wikipedia.org/wiki/McLaren
2021,mercedes,Mercedes,German,http://en.wikipedia.org/wiki/Mercedes-Benz_in_Formula_One
2021,red_bull,Red Bull,Austrian,http://en.wikipedia.org/wiki/Red_Bull_Racing
2022,alfa,Alfa Romeo,Swiss,http://en.wikipedia.org/wiki/Alfa_Romeo_in_Formula_One
2022,alphatauri,AlphaTauri,Italian,http://en.wikipedia.org/wiki/Scuderia_AlphaTauri
2022,alpine,Alpine F1 Team,French,http://en.wikipedia.org/wiki/Alpine_F1_Team
2022,aston_martin,Aston Martin,British,http://en.wikipedia.org/wiki/Aston_Martin_in_Formula_One
2022,ferrari,Ferrari,Italian,http://en.wikipedia.org/wiki/Scuderia_Ferrari
2022,haas,Haas F1 Team,American,http://en.wikipedia.org/wiki/Haas_F1_Team
2022,mclaren,McLaren,British,http://en.wikipedia.org/wiki/McLaren
2022,mercedes,Mercedes,German,http://en.wikipedia.org/wiki/Mercedes-Benz_in_Formula_One
2022,red_bull,Red Bull,Austrian,http://en.wikipedia.org/wiki/Red_Bull_Racing
