year,driverId,ConstructorId,number,position,qualifyId,raceId,q1,q2,q3
2008,hamilton,mclaren,22,1,Carrera 1,Australian Grand Prix,1:26.572,1:25.187,1:26.714
2008,kubica,bmw_sauber,4,2,Carrera 1,Australian Grand Prix,1:26.103,1:25.315,1:26.869
2008,kovalainen,mclaren,23,3,Carrera 1,Australian Grand Prix,1:25.664,1:25.452,1:27.079
2008,massa,ferrari,2,4,Carrera 1,Australian Grand Prix,1:25.994,1:25.691,1:27.178
2008,heidfeld,bmw_sauber,3,5,Carrera 1,Australian Grand Prix,1:25.960,1:25.518,1:27.236
2008,trulli,toyota,11,6,Carrera 1,Australian Grand Prix,1:26.427,1:26.101,1:28.527
2008,rosberg,williams,7,7,Carrera 1,Australian Grand Prix,1:26.295,1:26.059,1:28.687
2008,coulthard,red_bull,9,8,Carrera 1,Australian Grand Prix,1:26.381,1:26.063,1:29.041
2008,glock,toyota,12,9,Carrera 1,Australian Grand Prix,1:26.919,1:26.164,1:29.593
2008,vettel,toro_rosso,15,10,Carrera 1,Australian Grand Prix,1:26.702,1:25.842,
2008,barrichello,honda,17,11,Carrera 1,Australian Grand Prix,1:26.369,1:26.173,
2008,alonso,renault,5,12,Carrera 1,Australian Grand Prix,1:26.907,1:26.188,
2008,button,honda,16,13,Carrera 1,Australian Grand Prix,1:26.712,1:26.259,
2008,nakajima,williams,8,14,Carrera 1,Australian Grand Prix,1:26.891,1:26.413,
2008,webber,red_bull,10,15,Carrera 1,Australian Grand Prix,1:26.914,,
2008,raikkonen,ferrari,1,16,Carrera 1,Australian Grand Prix,1:26.140,,
2008,fisichella,force_india,21,17,Carrera 1,Australian Grand Prix,1:27.207,,
2008,bourdais,toro_rosso,14,18,Carrera 1,Australian Grand Prix,1:27.446,,
2008,sutil,force_india,20,19,Carrera 1,Australian Grand Prix,1:27.859,,
2008,sato,super_aguri,18,20,Carrera 1,Australian Grand Prix,1:28.208,,
2008,piquet_jr,renault,6,21,Carrera 1,Australian Grand Prix,1:28.330,,
2008,davidson,super_aguri,19,22,Carrera 1,Australian Grand Prix,1:29.059,,
2008,massa,ferrari,2,1,Carrera 2,Malaysian Grand Prix,1:35.347,1:34.412,1:35.748
2008,raikkonen,ferrari,1,2,Carrera 2,Malaysian Grand Prix,1:35.645,1:34.188,1:36.230
2008,kovalainen,mclaren,23,3,Carrera 2,Malaysian Grand Prix,1:35.227,1:34.759,1:36.613
2008,hamilton,mclaren,22,4,Carrera 2,Malaysian Grand Prix,1:35.392,1:34.627,1:36.709
2008,trulli,toyota,11,5,Carrera 2,Malaysian Grand Prix,1:35.205,1:34.960,1:36.711
2008,kubica,bmw_sauber,4,6,Carrera 2,Malaysian Grand Prix,1:35.794,1:34.811,1:36.727
2008,heidfeld,bmw_sauber,3,7,Carrera 2,Malaysian Grand Prix,1:35.729,1:34.648,1:36.753
2008,webber,red_bull,10,8,Carrera 2,Malaysian Grand Prix,1:35.440,1:34.967,1:37.009
2008,alonso,renault,5,9,Carrera 2,Malaysian Grand Prix,1:35.983,1:35.140,1:38.450
2008,glock,toyota,12,10,Carrera 2,Malaysian Grand Prix,1:35.891,1:35.000,1:39.656
2008,button,honda,16,11,Carrera 2,Malaysian Grand Prix,1:35.847,1:35.208,
2008,coulthard,red_bull,9,12,Carrera 2,Malaysian Grand Prix,1:36.058,1:35.408,
2008,piquet_jr,renault,6,13,Carrera 2,Malaysian Grand Prix,1:36.074,1:35.562,
2008,barrichello,honda,17,14,Carrera 2,Malaysian Grand Prix,1:36.198,1:35.622,
2008,vettel,toro_rosso,15,15,Carrera 2,Malaysian Grand Prix,1:36.111,1:35.648,
2008,rosberg,williams,7,16,Carrera 2,Malaysian Grand Prix,1:35.843,1:35.670,
2008,fisichella,force_india,21,17,Carrera 2,Malaysian Grand Prix,1:36.240,,
2008,nakajima,williams,8,18,Carrera 2,Malaysian Grand Prix,1:36.388,,
2008,bourdais,toro_rosso,14,19,Carrera 2,Malaysian Grand Prix,1:36.677,,
2008,sato,super_aguri,18,20,Carrera 2,Malaysian Grand Prix,1:37.087,,
2008,sutil,force_india,20,21,Carrera 2,Malaysian Grand Prix,1:37.101,,
2008,davidson,super_aguri,19,22,Carrera 2,Malaysian Grand Prix,1:37.481,,
2008,kubica,bmw_sauber,4,1,Carrera 3,Bahrain Grand Prix,1:32.893,1:31.745,1:33.096
2008,massa,ferrari,2,2,Carrera 3,Bahrain Grand Prix,1:31.937,1:31.188,1:33.123
2008,hamilton,mclaren,22,3,Carrera 3,Bahrain Grand Prix,1:32.750,1:31.922,1:33.292
2008,raikkonen,ferrari,1,4,Carrera 3,Bahrain Grand Prix,1:32.652,1:31.933,1:33.418
2008,kovalainen,mclaren,23,5,Carrera 3,Bahrain Grand Prix,1:33.057,1:31.718,1:33.488
2008,heidfeld,bmw_sauber,3,6,Carrera 3,Bahrain Grand Prix,1:33.137,1:31.909,1:33.737
2008,trulli,toyota,11,7,Carrera 3,Bahrain Grand Prix,1:32.493,1:32.159,1:33.994
2008,rosberg,williams,7,8,Carrera 3,Bahrain Grand Prix,1:32.903,1:32.185,1:34.015
2008,button,honda,16,9,Carrera 3,Bahrain Grand Prix,1:32.793,1:32.362,1:35.057
2008,alonso,renault,5,10,Carrera 3,Bahrain Grand Prix,1:32.947,1:32.345,1:35.115
2008,webber,red_bull,10,11,Carrera 3,Bahrain Grand Prix,1:33.194,1:32.371,
2008,barrichello,honda,17,12,Carrera 3,Bahrain Grand Prix,1:32.944,1:32.508,
2008,glock,toyota,12,13,Carrera 3,Bahrain Grand Prix,1:32.800,1:32.528,
2008,piquet_jr,renault,6,14,Carrera 3,Bahrain Grand Prix,1:32.975,1:32.790,
2008,bourdais,toro_rosso,14,15,Carrera 3,Bahrain Grand Prix,1:33.415,1:32.915,
2008,nakajima,williams,8,16,Carrera 3,Bahrain Grand Prix,1:33.386,1:32.943,
2008,coulthard,red_bull,9,17,Carrera 3,Bahrain Grand Prix,1:33.433,,
2008,fisichella,force_india,21,18,Carrera 3,Bahrain Grand Prix,1:33.501,,
2008,vettel,toro_rosso,15,19,Carrera 3,Bahrain Grand Prix,1:33.562,,
2008,sutil,force_india,20,20,Carrera 3,Bahrain Grand Prix,1:33.845,,
2008,davidson,super_aguri,19,21,Carrera 3,Bahrain Grand Prix,1:34.140,,
2008,sato,super_aguri,18,22,Carrera 3,Bahrain Grand Prix,1:35.725,,
2008,raikkonen,ferrari,1,1,Carrera 4,Spanish Grand Prix,1:20.701,1:20.784,1:21.813
2008,alonso,renault,5,2,Carrera 4,Spanish Grand Prix,1:21.347,1:20.804,1:21.904
2008,massa,ferrari,2,3,Carrera 4,Spanish Grand Prix,1:21.528,1:20.584,1:22.058
2008,kubica,bmw_sauber,4,4,Carrera 4,Spanish Grand Prix,1:21.423,1:20.597,1:22.065
2008,hamilton,mclaren,22,5,Carrera 4,Spanish Grand Prix,1:21.366,1:20.825,1:22.096
2008,kovalainen,mclaren,23,6,Carrera 4,Spanish Grand Prix,1:21.430,1:20.817,1:22.231
2008,webber,red_bull,10,7,Carrera 4,Spanish Grand Prix,1:21.494,1:20.984,1:22.429
2008,trulli,toyota,11,8,Carrera 4,Spanish Grand Prix,1:21.158,1:20.907,1:22.529
2008,heidfeld,bmw_sauber,3,9,Carrera 4,Spanish Grand Prix,1:21.466,1:20.815,1:22.542
2008,piquet_jr,renault,6,10,Carrera 4,Spanish Grand Prix,1:21.409,1:20.894,1:22.699
2008,barrichello,honda,17,11,Carrera 4,Spanish Grand Prix,1:21.548,1:21.049,
2008,nakajima,williams,8,12,Carrera 4,Spanish Grand Prix,1:21.690,1:21.117,
2008,button,honda,16,13,Carrera 4,Spanish Grand Prix,1:21.757,1:21.211,
2008,glock,toyota,12,14,Carrera 4,Spanish Grand Prix,1:21.427,1:21.230,
2008,rosberg,williams,7,15,Carrera 4,Spanish Grand Prix,1:21.472,1:21.349,
2008,bourdais,toro_rosso,14,16,Carrera 4,Spanish Grand Prix,1:21.540,1:21.724,
2008,coulthard,red_bull,9,17,Carrera 4,Spanish Grand Prix,1:21.810,,
2008,vettel,toro_rosso,15,18,Carrera 4,Spanish Grand Prix,1:22.108,,
2008,fisichella,force_india,21,19,Carrera 4,Spanish Grand Prix,1:22.516,,
2008,sutil,force_india,20,20,Carrera 4,Spanish Grand Prix,1:23.224,,
2008,davidson,super_aguri,19,21,Carrera 4,Spanish Grand Prix,1:23.318,,
2008,sato,super_aguri,18,22,Carrera 4,Spanish Grand Prix,1:23.496,,
2008,massa,ferrari,2,1,Carrera 5,Turkish Grand Prix,1:25.994,1:26.192,1:27.617
2008,kovalainen,mclaren,23,2,Carrera 5,Turkish Grand Prix,1:26.736,1:26.290,1:27.808
2008,hamilton,mclaren,22,3,Carrera 5,Turkish Grand Prix,1:26.192,1:26.477,1:27.923
2008,raikkonen,ferrari,1,4,Carrera 5,Turkish Grand Prix,1:26.457,1:26.050,1:27.936
2008,kubica,bmw_sauber,4,5,Carrera 5,Turkish Grand Prix,1:26.761,1:26.129,1:28.390
2008,webber,red_bull,10,6,Carrera 5,Turkish Grand Prix,1:26.773,1:26.466,1:28.417
2008,alonso,renault,5,7,Carrera 5,Turkish Grand Prix,1:26.836,1:26.522,1:28.422
2008,trulli,toyota,11,8,Carrera 5,Turkish Grand Prix,1:26.695,1:26.822,1:28.836
2008,heidfeld,bmw_sauber,3,9,Carrera 5,Turkish Grand Prix,1:27.107,1:27.607,1:28.882
2008,coulthard,red_bull,9,10,Carrera 5,Turkish Grand Prix,1:26.939,1:26.520,1:29.959
2008,rosberg,williams,7,11,Carrera 5,Turkish Grand Prix,1:27.367,1:27.012,
2008,barrichello,honda,17,12,Carrera 5,Turkish Grand Prix,1:27.355,1:27.219,
2008,button,honda,16,13,Carrera 5,Turkish Grand Prix,1:27.428,1:27.298,
2008,vettel,toro_rosso,15,14,Carrera 5,Turkish Grand Prix,1:27.442,1:27.412,
2008,glock,toyota,12,15,Carrera 5,Turkish Grand Prix,1:26.614,1:27.806,
2008,nakajima,williams,8,16,Carrera 5,Turkish Grand Prix,1:27.547,,
2008,piquet_jr,renault,6,17,Carrera 5,Turkish Grand Prix,1:27.568,,
2008,bourdais,toro_rosso,14,18,Carrera 5,Turkish Grand Prix,1:27.621,,
2008,fisichella,force_india,21,19,Carrera 5,Turkish Grand Prix,1:27.807,,
2008,sutil,force_india,20,20,Carrera 5,Turkish Grand Prix,1:28.325,,
2008,massa,ferrari,2,1,Carrera 6,Monaco Grand Prix,1:15.190,1:15.110,1:15.787
2008,raikkonen,ferrari,1,2,Carrera 6,Monaco Grand Prix,1:15.717,1:15.404,1:15.815
2008,hamilton,mclaren,22,3,Carrera 6,Monaco Grand Prix,1:15.582,1:15.322,1:15.839
2008,kovalainen,mclaren,23,4,Carrera 6,Monaco Grand Prix,1:15.295,1:15.389,1:16.165
2008,kubica,bmw_sauber,4,5,Carrera 6,Monaco Grand Prix,1:15.977,1:15.483,1:16.171
2008,rosberg,williams,7,6,Carrera 6,Monaco Grand Prix,1:15.935,1:15.287,1:16.548
2008,alonso,renault,5,7,Carrera 6,Monaco Grand Prix,1:16.646,1:15.827,1:16.852
2008,trulli,toyota,11,8,Carrera 6,Monaco Grand Prix,1:16.306,1:15.598,1:17.203
2008,webber,red_bull,10,9,Carrera 6,Monaco Grand Prix,1:16.074,1:15.745,1:17.343
2008,coulthard,red_bull,9,10,Carrera 6,Monaco Grand Prix,1:16.086,1:15.839,
2008,glock,toyota,12,11,Carrera 6,Monaco Grand Prix,1:16.285,1:15.907,
2008,button,honda,16,12,Carrera 6,Monaco Grand Prix,1:16.259,1:16.101,
2008,heidfeld,bmw_sauber,3,13,Carrera 6,Monaco Grand Prix,1:16.650,1:16.455,
2008,nakajima,williams,8,14,Carrera 6,Monaco Grand Prix,1:16.756,1:16.479,
2008,barrichello,honda,17,15,Carrera 6,Monaco Grand Prix,1:16.208,1:16.537,
2008,bourdais,toro_rosso,14,16,Carrera 6,Monaco Grand Prix,1:16.806,,
2008,piquet_jr,renault,6,17,Carrera 6,Monaco Grand Prix,1:16.933,,
2008,vettel,toro_rosso,15,18,Carrera 6,Monaco Grand Prix,1:16.955,,
2008,sutil,force_india,20,19,Carrera 6,Monaco Grand Prix,1:17.225,,
2008,fisichella,force_india,21,20,Carrera 6,Monaco Grand Prix,1:17.823,,
2008,hamilton,mclaren,22,1,Carrera 7,Canadian Grand Prix,1:16.909,1:17.034,1:17.886
2008,kubica,bmw_sauber,4,2,Carrera 7,Canadian Grand Prix,1:17.471,1:17.679,1:18.498
2008,raikkonen,ferrari,1,3,Carrera 7,Canadian Grand Prix,1:17.301,1:17.364,1:18.735
2008,alonso,renault,5,4,Carrera 7,Canadian Grand Prix,1:17.415,1:17.488,1:18.746
2008,rosberg,williams,7,5,Carrera 7,Canadian Grand Prix,1:17.991,1:17.891,1:18.844
2008,massa,ferrari,2,6,Carrera 7,Canadian Grand Prix,1:17.231,1:17.353,1:19.048
2008,kovalainen,mclaren,23,7,Carrera 7,Canadian Grand Prix,1:17.287,1:17.684,1:19.089
2008,heidfeld,bmw_sauber,3,8,Carrera 7,Canadian Grand Prix,1:18.082,1:17.781,1:19.633
2008,barrichello,honda,17,9,Carrera 7,Canadian Grand Prix,1:18.256,1:18.020,1:20.848
2008,webber,red_bull,10,10,Carrera 7,Canadian Grand Prix,1:17.582,1:17.523,
2008,glock,toyota,12,11,Carrera 7,Canadian Grand Prix,1:18.321,1:18.031,
2008,nakajima,williams,8,12,Carrera 7,Canadian Grand Prix,1:17.638,1:18.062,
2008,coulthard,red_bull,9,13,Carrera 7,Canadian Grand Prix,1:18.168,1:18.238,
2008,trulli,toyota,11,14,Carrera 7,Canadian Grand Prix,1:18.039,1:18.327,
2008,piquet_jr,renault,6,15,Carrera 7,Canadian Grand Prix,1:18.505,1:18.393,
2008,bourdais,toro_rosso,14,16,Carrera 7,Canadian Grand Prix,1:18.916,,
2008,sutil,force_india,20,17,Carrera 7,Canadian Grand Prix,1:19.108,,
2008,fisichella,force_india,21,18,Carrera 7,Canadian Grand Prix,1:19.165,,
2008,button,honda,16,19,Carrera 7,Canadian Grand Prix,1:23.565,,
2008,vettel,toro_rosso,15,20,Carrera 7,Canadian Grand Prix,,,
2008,raikkonen,ferrari,1,1,Carrera 8,French Grand Prix,1:15.133,1:15.161,1:16.449
2008,massa,ferrari,2,2,Carrera 8,French Grand Prix,1:15.024,1:15.041,1:16.490
2008,hamilton,mclaren,22,3,Carrera 8,French Grand Prix,1:15.634,1:15.293,1:16.693
2008,alonso,renault,5,4,Carrera 8,French Grand Prix,1:15.754,1:15.483,1:16.840
2008,trulli,toyota,11,5,Carrera 8,French Grand Prix,1:15.521,1:15.362,1:16.920
2008,kovalainen,mclaren,23,6,Carrera 8,French Grand Prix,1:15.965,1:15.639,1:16.944
2008,kubica,bmw_sauber,4,7,Carrera 8,French Grand Prix,1:15.687,1:15.723,1:17.037
2008,webber,red_bull,10,8,Carrera 8,French Grand Prix,1:16.020,1:15.488,1:17.233
2008,coulthard,red_bull,9,9,Carrera 8,French Grand Prix,1:15.802,1:15.654,1:17.426
2008,glock,toyota,12,10,Carrera 8,French Grand Prix,1:15.727,1:15.558,1:17.596
2008,piquet_jr,renault,6,11,Carrera 8,French Grand Prix,1:15.848,1:15.770,
2008,heidfeld,bmw_sauber,3,12,Carrera 8,French Grand Prix,1:16.006,1:15.786,
2008,vettel,toro_rosso,15,13,Carrera 8,French Grand Prix,1:15.918,1:15.816,
2008,bourdais,toro_rosso,14,14,Carrera 8,French Grand Prix,1:16.072,1:16.045,
2008,rosberg,williams,7,15,Carrera 8,French Grand Prix,1:16.085,1:16.235,
2008,nakajima,williams,8,16,Carrera 8,French Grand Prix,1:16.243,,
2008,button,honda,16,17,Carrera 8,French Grand Prix,1:16.306,,
2008,barrichello,honda,17,18,Carrera 8,French Grand Prix,1:16.330,,
2008,fisichella,force_india,21,19,Carrera 8,French Grand Prix,1:16.971,,
2008,sutil,force_india,20,20,Carrera 8,French Grand Prix,1:17.053,,
2008,kovalainen,mclaren,23,1,Carrera 9,British Grand Prix,1:19.957,1:19.597,1:21.049
2008,webber,red_bull,10,2,Carrera 9,British Grand Prix,1:20.982,1:19.710,1:21.554
2008,raikkonen,ferrari,1,3,Carrera 9,British Grand Prix,1:20.370,1:19.971,1:21.706
2008,hamilton,mclaren,22,4,Carrera 9,British Grand Prix,1:20.288,1:19.537,1:21.835
2008,heidfeld,bmw_sauber,3,5,Carrera 9,British Grand Prix,1:21.022,1:19.802,1:21.873
2008,alonso,renault,5,6,Carrera 9,British Grand Prix,1:20.998,1:19.992,1:22.029
2008,piquet_jr,renault,6,7,Carrera 9,British Grand Prix,1:20.818,1:20.115,1:22.491
2008,vettel,toro_rosso,15,8,Carrera 9,British Grand Prix,1:20.318,1:20.109,1:23.251
2008,massa,ferrari,2,9,Carrera 9,British Grand Prix,1:20.676,1:20.086,1:23.305
2008,kubica,bmw_sauber,4,10,Carrera 9,British Grand Prix,1:20.444,1:19.788,
2008,coulthard,red_bull,9,11,Carrera 9,British Grand Prix,1:21.224,1:20.174,
2008,glock,toyota,12,12,Carrera 9,British Grand Prix,1:20.893,1:20.274,
2008,bourdais,toro_rosso,14,13,Carrera 9,British Grand Prix,1:20.584,1:20.531,
2008,trulli,toyota,11,14,Carrera 9,British Grand Prix,1:21.145,1:20.601,
2008,nakajima,williams,8,15,Carrera 9,British Grand Prix,1:21.407,1:21.112,
2008,barrichello,honda,17,16,Carrera 9,British Grand Prix,1:21.512,,
2008,button,honda,16,17,Carrera 9,British Grand Prix,1:21.631,,
2008,rosberg,williams,7,18,Carrera 9,British Grand Prix,1:21.668,,
2008,sutil,force_india,20,19,Carrera 9,British Grand Prix,1:21.786,,
2008,fisichella,force_india,21,20,Carrera 9,British Grand Prix,1:21.885,,
2008,hamilton,mclaren,22,1,Carrera 10,German Grand Prix,1:15.218,1:14.603,1:15.666
2008,massa,ferrari,2,2,Carrera 10,German Grand Prix,1:14.921,1:14.747,1:15.859
2008,kovalainen,mclaren,23,3,Carrera 10,German Grand Prix,1:15.476,1:14.855,1:16.143
2008,trulli,toyota,11,4,Carrera 10,German Grand Prix,1:15.560,1:15.122,1:16.191
2008,alonso,renault,5,5,Carrera 10,German Grand Prix,1:15.917,1:14.943,1:16.385
2008,raikkonen,ferrari,1,6,Carrera 10,German Grand Prix,1:15.201,1:14.949,1:16.389
2008,kubica,bmw_sauber,4,7,Carrera 10,German Grand Prix,1:15.985,1:15.109,1:16.521
2008,webber,red_bull,10,8,Carrera 10,German Grand Prix,1:15.900,1:15.481,1:17.014
2008,vettel,toro_rosso,15,9,Carrera 10,German Grand Prix,1:15.532,1:15.420,1:17.244
2008,coulthard,red_bull,9,10,Carrera 10,German Grand Prix,1:15.975,1:15.338,1:17.503
2008,glock,toyota,12,11,Carrera 10,German Grand Prix,1:15.560,1:15.508,
2008,heidfeld,bmw_sauber,3,12,Carrera 10,German Grand Prix,1:15.596,1:15.581,
2008,rosberg,williams,7,13,Carrera 10,German Grand Prix,1:15.863,1:15.633,
2008,button,honda,16,14,Carrera 10,German Grand Prix,1:15.993,1:15.701,
2008,bourdais,toro_rosso,14,15,Carrera 10,German Grand Prix,1:15.927,1:15.858,
2008,nakajima,williams,8,16,Carrera 10,German Grand Prix,1:16.083,,
2008,piquet_jr,renault,6,17,Carrera 10,German Grand Prix,1:16.189,,
2008,barrichello,honda,17,18,Carrera 10,German Grand Prix,1:16.246,,
2008,sutil,force_india,20,19,Carrera 10,German Grand Prix,1:16.657,,
2008,fisichella,force_india,21,20,Carrera 10,German Grand Prix,1:16.963,,
2008,hamilton,mclaren,22,1,Carrera 11,Hungarian Grand Prix,1:19.376,1:19.473,1:20.899
2008,kovalainen,mclaren,23,2,Carrera 11,Hungarian Grand Prix,1:19.945,1:19.480,1:21.140
2008,massa,ferrari,2,3,Carrera 11,Hungarian Grand Prix,1:19.578,1:19.068,1:21.191
2008,kubica,bmw_sauber,4,4,Carrera 11,Hungarian Grand Prix,1:20.053,1:19.776,1:21.281
2008,glock,toyota,12,5,Carrera 11,Hungarian Grand Prix,1:19.980,1:19.246,1:21.326
2008,raikkonen,ferrari,1,6,Carrera 11,Hungarian Grand Prix,1:20.006,1:19.546,1:21.516
2008,alonso,renault,5,7,Carrera 11,Hungarian Grand Prix,1:20.229,1:19.816,1:21.698
2008,webber,red_bull,10,8,Carrera 11,Hungarian Grand Prix,1:20.073,1:20.046,1:21.732
2008,trulli,toyota,11,9,Carrera 11,Hungarian Grand Prix,1:19.942,1:19.486,1:21.767
2008,piquet_jr,renault,6,10,Carrera 11,Hungarian Grand Prix,1:20.583,1:20.131,1:22.371
2008,vettel,toro_rosso,15,11,Carrera 11,Hungarian Grand Prix,1:20.157,1:20.144,
2008,button,honda,16,12,Carrera 11,Hungarian Grand Prix,1:20.888,1:20.332,
2008,coulthard,red_bull,9,13,Carrera 11,Hungarian Grand Prix,1:20.505,1:20.502,
2008,bourdais,toro_rosso,14,14,Carrera 11,Hungarian Grand Prix,1:20.640,1:20.963,
2008,rosberg,williams,7,15,Carrera 11,Hungarian Grand Prix,1:20.748,,
2008,heidfeld,bmw_sauber,3,16,Carrera 11,Hungarian Grand Prix,1:21.045,,
2008,nakajima,williams,8,17,Carrera 11,Hungarian Grand Prix,1:21.085,,
2008,barrichello,honda,17,18,Carrera 11,Hungarian Grand Prix,1:21.332,,
2008,fisichella,force_india,21,19,Carrera 11,Hungarian Grand Prix,1:21.670,,
2008,sutil,force_india,20,20,Carrera 11,Hungarian Grand Prix,1:22.113,,
2008,massa,ferrari,2,1,Carrera 12,European Grand Prix,1:38.176,1:37.859,1:38.989
2008,hamilton,mclaren,22,2,Carrera 12,European Grand Prix,1:38.464,1:37.954,1:39.199
2008,kubica,bmw_sauber,4,3,Carrera 12,European Grand Prix,1:38.347,1:38.050,1:39.392
2008,raikkonen,ferrari,1,4,Carrera 12,European Grand Prix,1:38.703,1:38.229,1:39.488
2008,kovalainen,mclaren,23,5,Carrera 12,European Grand Prix,1:38.656,1:38.120,1:39.937
2008,vettel,toro_rosso,15,6,Carrera 12,European Grand Prix,1:38.141,1:37.842,1:40.142
2008,trulli,toyota,11,7,Carrera 12,European Grand Prix,1:37.948,1:37.928,1:40.309
2008,heidfeld,bmw_sauber,3,8,Carrera 12,European Grand Prix,1:38.738,1:37.859,1:40.631
2008,rosberg,williams,7,9,Carrera 12,European Grand Prix,1:38.595,1:38.336,1:40.721
2008,bourdais,toro_rosso,14,10,Carrera 12,European Grand Prix,1:38.622,1:38.417,1:40.750
2008,nakajima,williams,8,11,Carrera 12,European Grand Prix,1:38.667,1:38.428,
2008,alonso,renault,5,12,Carrera 12,European Grand Prix,1:38.268,1:38.435,
2008,glock,toyota,12,13,Carrera 12,European Grand Prix,1:38.532,1:38.499,
2008,webber,red_bull,10,14,Carrera 12,European Grand Prix,1:38.559,1:38.515,
2008,piquet_jr,renault,6,15,Carrera 12,European Grand Prix,1:38.787,1:38.744,
2008,button,honda,16,16,Carrera 12,European Grand Prix,1:38.880,,
2008,coulthard,red_bull,9,17,Carrera 12,European Grand Prix,1:39.235,,
2008,fisichella,force_india,21,18,Carrera 12,European Grand Prix,1:39.268,,
2008,barrichello,honda,17,19,Carrera 12,European Grand Prix,1:39.811,,
2008,sutil,force_india,20,20,Carrera 12,European Grand Prix,1:39.943,,
2008,hamilton,mclaren,22,1,Carrera 13,Belgian Grand Prix,1:46.887,1:46.088,1:47.338
2008,massa,ferrari,2,2,Carrera 13,Belgian Grand Prix,1:46.873,1:46.391,1:47.678
2008,kovalainen,mclaren,23,3,Carrera 13,Belgian Grand Prix,1:46.812,1:46.037,1:47.815
2008,raikkonen,ferrari,1,4,Carrera 13,Belgian Grand Prix,1:46.960,1:46.298,1:47.992
2008,heidfeld,bmw_sauber,3,5,Carrera 13,Belgian Grand Prix,1:47.419,1:46.311,1:48.315
2008,alonso,renault,5,6,Carrera 13,Belgian Grand Prix,1:47.154,1:46.491,1:48.504
2008,webber,red_bull,10,7,Carrera 13,Belgian Grand Prix,1:47.270,1:46.814,1:48.736
2008,kubica,bmw_sauber,4,8,Carrera 13,Belgian Grand Prix,1:47.093,1:46.494,1:48.763
2008,bourdais,toro_rosso,14,9,Carrera 13,Belgian Grand Prix,1:46.777,1:46.544,1:48.951
2008,vettel,toro_rosso,15,10,Carrera 13,Belgian Grand Prix,1:47.152,1:46.804,1:50.319
2008,trulli,toyota,11,11,Carrera 13,Belgian Grand Prix,1:47.400,1:46.949,
2008,piquet_jr,renault,6,12,Carrera 13,Belgian Grand Prix,1:47.052,1:46.965,
2008,glock,toyota,12,13,Carrera 13,Belgian Grand Prix,1:47.359,1:46.995,
2008,coulthard,red_bull,9,14,Carrera 13,Belgian Grand Prix,1:47.132,1:47.018,
2008,rosberg,williams,7,15,Carrera 13,Belgian Grand Prix,1:47.503,1:47.429,
2008,barrichello,honda,17,16,Carrera 13,Belgian Grand Prix,1:48.153,,
2008,button,honda,16,17,Carrera 13,Belgian Grand Prix,1:48.211,,
2008,sutil,force_india,20,18,Carrera 13,Belgian Grand Prix,1:48.226,,
2008,nakajima,williams,8,19,Carrera 13,Belgian Grand Prix,1:48.268,,
2008,fisichella,force_india,21,20,Carrera 13,Belgian Grand Prix,1:48.447,,
2008,vettel,toro_rosso,15,1,Carrera 14,Italian Grand Prix,1:35.464,1:35.837,1:37.555
2008,kovalainen,mclaren,23,2,Carrera 14,Italian Grand Prix,1:35.214,1:35.843,1:37.631
2008,webber,red_bull,10,3,Carrera 14,Italian Grand Prix,1:36.001,1:36.306,1:38.117
2008,bourdais,toro_rosso,14,4,Carrera 14,Italian Grand Prix,1:35.543,1:36.175,1:38.445
2008,rosberg,williams,7,5,Carrera 14,Italian Grand Prix,1:35.485,1:35.898,1:38.767
2008,massa,ferrari,2,6,Carrera 14,Italian Grand Prix,1:35.536,1:36.676,1:38.894
2008,trulli,toyota,11,7,Carrera 14,Italian Grand Prix,1:35.906,1:36.008,1:39.152
2008,alonso,renault,5,8,Carrera 14,Italian Grand Prix,1:36.297,1:36.518,1:39.751
2008,glock,toyota,12,9,Carrera 14,Italian Grand Prix,1:35.737,1:36.525,1:39.787
2008,heidfeld,bmw_sauber,3,10,Carrera 14,Italian Grand Prix,1:35.709,1:36.626,1:39.906
2008,kubica,bmw_sauber,4,11,Carrera 14,Italian Grand Prix,1:35.553,1:36.697,
2008,fisichella,force_india,21,12,Carrera 14,Italian Grand Prix,1:36.280,1:36.698,
2008,coulthard,red_bull,9,13,Carrera 14,Italian Grand Prix,1:36.485,1:37.284,
2008,raikkonen,ferrari,1,14,Carrera 14,Italian Grand Prix,1:35.965,1:37.522,
2008,hamilton,mclaren,22,15,Carrera 14,Italian Grand Prix,1:35.394,1:39.265,
2008,barrichello,honda,17,16,Carrera 14,Italian Grand Prix,1:36.510,,
2008,piquet_jr,renault,6,17,Carrera 14,Italian Grand Prix,1:36.630,,
2008,nakajima,williams,8,18,Carrera 14,Italian Grand Prix,1:36.653,,
2008,button,honda,16,19,Carrera 14,Italian Grand Prix,1:37.006,,
2008,sutil,force_india,20,20,Carrera 14,Italian Grand Prix,1:37.417,,
2008,massa,ferrari,2,1,Carrera 15,Singapore Grand Prix,1:44.519,1:44.014,1:44.801
2008,hamilton,mclaren,22,2,Carrera 15,Singapore Grand Prix,1:44.501,1:44.932,1:45.465
2008,raikkonen,ferrari,1,3,Carrera 15,Singapore Grand Prix,1:44.282,1:44.232,1:45.617
2008,kubica,bmw_sauber,4,4,Carrera 15,Singapore Grand Prix,1:44.740,1:44.519,1:45.779
2008,kovalainen,mclaren,23,5,Carrera 15,Singapore Grand Prix,1:44.311,1:44.207,1:45.873
2008,heidfeld,bmw_sauber,3,6,Carrera 15,Singapore Grand Prix,1:45.548,1:44.520,1:45.964
2008,vettel,toro_rosso,15,7,Carrera 15,Singapore Grand Prix,1:45.042,1:44.261,1:46.244
2008,glock,toyota,12,8,Carrera 15,Singapore Grand Prix,1:45.184,1:44.441,1:46.328
2008,rosberg,williams,7,9,Carrera 15,Singapore Grand Prix,1:45.103,1:44.429,1:46.611
2008,nakajima,williams,8,10,Carrera 15,Singapore Grand Prix,1:45.127,1:44.826,1:47.547
2008,trulli,toyota,11,11,Carrera 15,Singapore Grand Prix,1:45.642,1:45.038,
2008,button,honda,16,12,Carrera 15,Singapore Grand Prix,1:45.660,1:45.133,
2008,webber,red_bull,10,13,Carrera 15,Singapore Grand Prix,1:45.493,1:45.212,
2008,coulthard,red_bull,9,14,Carrera 15,Singapore Grand Prix,1:46.028,1:45.298,
2008,alonso,renault,5,15,Carrera 15,Singapore Grand Prix,1:44.971,,
2008,piquet_jr,renault,6,16,Carrera 15,Singapore Grand Prix,1:46.037,,
2008,bourdais,toro_rosso,14,17,Carrera 15,Singapore Grand Prix,1:46.389,,
2008,barrichello,honda,17,18,Carrera 15,Singapore Grand Prix,1:46.583,,
2008,sutil,force_india,20,19,Carrera 15,Singapore Grand Prix,1:47.940,,
2008,fisichella,force_india,21,20,Carrera 15,Singapore Grand Prix,,,
2008,hamilton,mclaren,22,1,Carrera 16,Japanese Grand Prix,1:18.071,1:17.462,1:18.404
2008,raikkonen,ferrari,1,2,Carrera 16,Japanese Grand Prix,1:18.160,1:17.733,1:18.644
2008,kovalainen,mclaren,23,3,Carrera 16,Japanese Grand Prix,1:18.220,1:17.360,1:18.821
2008,alonso,renault,5,4,Carrera 16,Japanese Grand Prix,1:18.290,1:17.871,1:18.852
2008,massa,ferrari,2,5,Carrera 16,Japanese Grand Prix,1:18.110,1:17.287,1:18.874
2008,kubica,bmw_sauber,4,6,Carrera 16,Japanese Grand Prix,1:18.684,1:17.931,1:18.979
2008,trulli,toyota,11,7,Carrera 16,Japanese Grand Prix,1:18.501,1:17.541,1:19.026
2008,glock,toyota,12,8,Carrera 16,Japanese Grand Prix,1:17.945,1:17.670,1:19.118
2008,vettel,toro_rosso,15,9,Carrera 16,Japanese Grand Prix,1:18.559,1:17.714,1:19.638
2008,bourdais,toro_rosso,14,10,Carrera 16,Japanese Grand Prix,1:18.593,1:18.102,1:20.167
2008,coulthard,red_bull,9,11,Carrera 16,Japanese Grand Prix,1:18.303,1:18.187,
2008,piquet_jr,renault,6,12,Carrera 16,Japanese Grand Prix,1:18.300,1:18.274,
2008,webber,red_bull,10,13,Carrera 16,Japanese Grand Prix,1:18.372,1:18.354,
2008,nakajima,williams,8,14,Carrera 16,Japanese Grand Prix,1:18.640,1:18.594,
2008,rosberg,williams,7,15,Carrera 16,Japanese Grand Prix,1:18.740,1:18.672,
2008,heidfeld,bmw_sauber,3,16,Carrera 16,Japanese Grand Prix,1:18.835,,
2008,barrichello,honda,17,17,Carrera 16,Japanese Grand Prix,1:18.882,,
2008,button,honda,16,18,Carrera 16,Japanese Grand Prix,1:19.100,,
2008,sutil,force_india,20,19,Carrera 16,Japanese Grand Prix,1:19.163,,
2008,fisichella,force_india,21,20,Carrera 16,Japanese Grand Prix,1:19.910,,
2008,hamilton,mclaren,22,1,Carrera 17,Chinese Grand Prix,1:35.566,1:34.947,1:36.303
2008,raikkonen,ferrari,1,2,Carrera 17,Chinese Grand Prix,1:35.983,1:35.355,1:36.645
2008,massa,ferrari,2,3,Carrera 17,Chinese Grand Prix,1:35.971,1:35.135,1:36.889
2008,alonso,renault,5,4,Carrera 17,Chinese Grand Prix,1:35.769,1:35.461,1:36.927
2008,kovalainen,mclaren,23,5,Carrera 17,Chinese Grand Prix,1:35.623,1:35.216,1:36.930
2008,webber,red_bull,10,6,Carrera 17,Chinese Grand Prix,1:36.238,1:35.686,1:37.083
2008,heidfeld,bmw_sauber,3,7,Carrera 17,Chinese Grand Prix,1:36.224,1:35.403,1:37.201
2008,vettel,toro_rosso,15,8,Carrera 17,Chinese Grand Prix,1:35.752,1:35.386,1:37.685
2008,trulli,toyota,11,9,Carrera 17,Chinese Grand Prix,1:36.104,1:35.715,1:37.934
2008,bourdais,toro_rosso,14,10,Carrera 17,Chinese Grand Prix,1:36.239,1:35.478,1:38.885
2008,piquet_jr,renault,6,11,Carrera 17,Chinese Grand Prix,1:36.029,1:35.722,
2008,kubica,bmw_sauber,4,12,Carrera 17,Chinese Grand Prix,1:36.503,1:35.814,
2008,glock,toyota,12,13,Carrera 17,Chinese Grand Prix,1:36.210,1:35.937,
2008,barrichello,honda,17,14,Carrera 17,Chinese Grand Prix,1:36.640,1:36.079,
2008,rosberg,williams,7,15,Carrera 17,Chinese Grand Prix,1:36.434,1:36.210,
2008,coulthard,red_bull,9,16,Carrera 17,Chinese Grand Prix,1:36.731,,
2008,nakajima,williams,8,17,Carrera 17,Chinese Grand Prix,1:36.863,,
2008,button,honda,16,18,Carrera 17,Chinese Grand Prix,1:37.053,,
2008,sutil,force_india,20,19,Carrera 17,Chinese Grand Prix,1:37.730,,
2008,fisichella,force_india,21,20,Carrera 17,Chinese Grand Prix,1:37.739,,
2008,massa,ferrari,2,1,Carrera 18,Brazilian Grand Prix,1:11.830,1:11.875,1:12.368
2008,trulli,toyota,11,2,Carrera 18,Brazilian Grand Prix,1:12.226,1:12.107,1:12.737
2008,raikkonen,ferrari,1,3,Carrera 18,Brazilian Grand Prix,1:12.083,1:11.950,1:12.825
2008,hamilton,mclaren,22,4,Carrera 18,Brazilian Grand Prix,1:12.213,1:11.856,1:12.830
2008,kovalainen,mclaren,23,5,Carrera 18,Brazilian Grand Prix,1:12.366,1:11.768,1:12.917
2008,alonso,renault,5,6,Carrera 18,Brazilian Grand Prix,1:12.214,1:12.090,1:12.967
2008,vettel,toro_rosso,15,7,Carrera 18,Brazilian Grand Prix,1:12.390,1:11.845,1:13.082
2008,heidfeld,bmw_sauber,3,8,Carrera 18,Brazilian Grand Prix,1:12.371,1:12.026,1:13.297
2008,bourdais,toro_rosso,14,9,Carrera 18,Brazilian Grand Prix,1:12.498,1:12.075,1:14.105
2008,glock,toyota,12,10,Carrera 18,Brazilian Grand Prix,1:12.223,1:11.909,1:14.230
2008,piquet_jr,renault,6,11,Carrera 18,Brazilian Grand Prix,1:12.348,1:12.137,
2008,webber,red_bull,10,12,Carrera 18,Brazilian Grand Prix,1:12.409,1:12.289,
2008,kubica,bmw_sauber,4,13,Carrera 18,Brazilian Grand Prix,1:12.381,1:12.300,
2008,coulthard,red_bull,9,14,Carrera 18,Brazilian Grand Prix,1:12.690,1:12.717,
2008,barrichello,honda,17,15,Carrera 18,Brazilian Grand Prix,1:12.548,1:13.139,
2008,nakajima,williams,8,16,Carrera 18,Brazilian Grand Prix,1:12.800,,
2008,button,honda,16,17,Carrera 18,Brazilian Grand Prix,1:12.810,,
2008,rosberg,williams,7,18,Carrera 18,Brazilian Grand Prix,1:13.002,,
2008,fisichella,force_india,21,19,Carrera 18,Brazilian Grand Prix,1:13.426,,
2008,sutil,force_india,20,20,Carrera 18,Brazilian Grand Prix,1:13.508,,
2009,button,brawn,22,1,Carrera 1,Australian Grand Prix,1:25.211,1:24.855,1:26.202
2009,barrichello,brawn,23,2,Carrera 1,Australian Grand Prix,1:25.006,1:24.783,1:26.505
2009,vettel,red_bull,15,3,Carrera 1,Australian Grand Prix,1:25.938,1:25.121,1:26.830
2009,kubica,bmw_sauber,5,4,Carrera 1,Australian Grand Prix,1:25.922,1:25.152,1:26.914
2009,rosberg,williams,16,5,Carrera 1,Australian Grand Prix,1:25.846,1:25.123,1:26.973
2009,glock,toyota,10,6,Carrera 1,Australian Grand Prix,1:25.499,1:25.281,1:26.975
2009,massa,ferrari,3,7,Carrera 1,Australian Grand Prix,1:25.844,1:25.319,1:27.033
2009,trulli,toyota,9,8,Carrera 1,Australian Grand Prix,1:26.194,1:25.265,1:27.127
2009,raikkonen,ferrari,4,9,Carrera 1,Australian Grand Prix,1:25.899,1:25.380,1:27.163
2009,webber,red_bull,14,10,Carrera 1,Australian Grand Prix,1:25.427,1:25.241,1:27.246
2009,heidfeld,bmw_sauber,6,11,Carrera 1,Australian Grand Prix,1:25.827,1:25.504,
2009,alonso,renault,7,12,Carrera 1,Australian Grand Prix,1:26.026,1:25.605,
2009,nakajima,williams,17,13,Carrera 1,Australian Grand Prix,1:26.074,1:25.607,
2009,kovalainen,mclaren,2,14,Carrera 1,Australian Grand Prix,1:26.184,1:25.726,
2009,hamilton,mclaren,1,15,Carrera 1,Australian Grand Prix,1:26.454,,
2009,buemi,toro_rosso,12,16,Carrera 1,Australian Grand Prix,1:26.503,,
2009,piquet_jr,renault,8,17,Carrera 1,Australian Grand Prix,1:26.598,,
2009,fisichella,force_india,21,18,Carrera 1,Australian Grand Prix,1:26.677,,
2009,sutil,force_india,20,19,Carrera 1,Australian Grand Prix,1:26.742,,
2009,bourdais,toro_rosso,11,20,Carrera 1,Australian Grand Prix,1:26.964,,
2009,button,brawn,22,1,Carrera 2,Malaysian Grand Prix,1:35.058,1:33.784,1:35.181
2009,trulli,toyota,9,2,Carrera 2,Malaysian Grand Prix,1:34.745,1:33.990,1:35.273
2009,vettel,red_bull,15,3,Carrera 2,Malaysian Grand Prix,1:34.935,1:34.276,1:35.518
2009,barrichello,brawn,23,4,Carrera 2,Malaysian Grand Prix,1:34.681,1:34.387,1:35.651
2009,glock,toyota,10,5,Carrera 2,Malaysian Grand Prix,1:34.907,1:34.258,1:35.690
2009,rosberg,williams,16,6,Carrera 2,Malaysian Grand Prix,1:35.083,1:34.547,1:35.750
2009,webber,red_bull,14,7,Carrera 2,Malaysian Grand Prix,1:35.027,1:34.222,1:35.797
2009,kubica,bmw_sauber,5,8,Carrera 2,Malaysian Grand Prix,1:35.166,1:34.562,1:36.106
2009,raikkonen,ferrari,4,9,Carrera 2,Malaysian Grand Prix,1:35.476,1:34.456,1:36.170
2009,alonso,renault,7,10,Carrera 2,Malaysian Grand Prix,1:35.260,1:34.706,1:37.659
2009,heidfeld,bmw_sauber,5,11,Carrera 2,Malaysian Grand Prix,1:35.110,1:34.769,
2009,nakajima,williams,17,12,Carrera 2,Malaysian Grand Prix,1:35.341,1:34.788,
2009,hamilton,mclaren,1,13,Carrera 2,Malaysian Grand Prix,1:35.280,1:34.905,
2009,kovalainen,mclaren,2,14,Carrera 2,Malaysian Grand Prix,1:35.023,1:34.924,
2009,bourdais,toro_rosso,11,15,Carrera 2,Malaysian Grand Prix,1:35.507,1:35.431,
2009,massa,ferrari,3,16,Carrera 2,Malaysian Grand Prix,1:35.642,,
2009,piquet_jr,renault,8,17,Carrera 2,Malaysian Grand Prix,1:35.708,,
2009,fisichella,force_india,21,18,Carrera 2,Malaysian Grand Prix,1:35.908,,
2009,sutil,force_india,20,19,Carrera 2,Malaysian Grand Prix,1:35.951,,
2009,buemi,toro_rosso,12,20,Carrera 2,Malaysian Grand Prix,1:36.107,,
2009,vettel,red_bull,15,1,Carrera 3,Chinese Grand Prix,1:36.565,1:35.130,1:36.184
2009,alonso,renault,7,2,Carrera 3,Chinese Grand Prix,1:36.443,1:35.803,1:36.381
2009,webber,red_bull,14,3,Carrera 3,Chinese Grand Prix,1:35.751,1:35.173,1:36.466
2009,barrichello,brawn,23,4,Carrera 3,Chinese Grand Prix,1:35.701,1:35.503,1:36.493
2009,button,brawn,22,5,Carrera 3,Chinese Grand Prix,1:35.533,1:35.556,1:36.532
2009,trulli,toyota,9,6,Carrera 3,Chinese Grand Prix,1:36.308,1:35.645,1:36.835
2009,rosberg,williams,16,7,Carrera 3,Chinese Grand Prix,1:35.941,1:35.809,1:37.397
2009,raikkonen,ferrari,4,8,Carrera 3,Chinese Grand Prix,1:36.137,1:35.856,1:38.089
2009,hamilton,mclaren,1,9,Carrera 3,Chinese Grand Prix,1:35.776,1:35.740,1:38.595
2009,buemi,toro_rosso,12,10,Carrera 3,Chinese Grand Prix,1:36.284,1:35.965,1:39.321
2009,heidfeld,bmw_sauber,6,11,Carrera 3,Chinese Grand Prix,1:36.525,1:35.975,
2009,kovalainen,mclaren,2,12,Carrera 3,Chinese Grand Prix,1:36.646,1:36.032,
2009,massa,ferrari,3,13,Carrera 3,Chinese Grand Prix,1:36.178,1:36.033,
2009,glock,toyota,10,14,Carrera 3,Chinese Grand Prix,1:36.364,1:36.066,
2009,nakajima,williams,17,15,Carrera 3,Chinese Grand Prix,1:36.673,1:36.193,
2009,bourdais,toro_rosso,11,16,Carrera 3,Chinese Grand Prix,1:36.906,,
2009,piquet_jr,renault,8,17,Carrera 3,Chinese Grand Prix,1:36.908,,
2009,kubica,bmw_sauber,5,18,Carrera 3,Chinese Grand Prix,1:36.966,,
2009,sutil,force_india,20,19,Carrera 3,Chinese Grand Prix,1:37.669,,
2009,fisichella,force_india,11,20,Carrera 3,Chinese Grand Prix,1:37.672,,
2009,trulli,toyota,9,1,Carrera 4,Bahrain Grand Prix,1:32.799,1:32.671,1:33.431
2009,glock,toyota,10,2,Carrera 4,Bahrain Grand Prix,1:33.165,1:32.613,1:33.712
2009,vettel,red_bull,15,3,Carrera 4,Bahrain Grand Prix,1:32.680,1:32.474,1:34.015
2009,button,brawn,22,4,Carrera 4,Bahrain Grand Prix,1:32.978,1:32.842,1:34.044
2009,hamilton,mclaren,1,5,Carrera 4,Bahrain Grand Prix,1:32.851,1:32.877,1:34.196
2009,barrichello,brawn,23,6,Carrera 4,Bahrain Grand Prix,1:33.116,1:32.842,1:34.239
2009,alonso,renault,7,7,Carrera 4,Bahrain Grand Prix,1:33.627,1:32.860,1:34.578
2009,massa,ferrari,3,8,Carrera 4,Bahrain Grand Prix,1:33.297,1:33.014,1:34.818
2009,rosberg,williams,16,9,Carrera 4,Bahrain Grand Prix,1:33.672,1:33.166,1:35.134
2009,raikkonen,ferrari,4,10,Carrera 4,Bahrain Grand Prix,1:33.117,1:32.827,1:35.380
2009,kovalainen,mclaren,2,11,Carrera 4,Bahrain Grand Prix,1:33.479,1:33.242,
2009,nakajima,williams,17,12,Carrera 4,Bahrain Grand Prix,1:33.221,1:33.348,
2009,kubica,bmw_sauber,5,13,Carrera 4,Bahrain Grand Prix,1:33.495,1:33.487,
2009,heidfeld,bmw_sauber,6,14,Carrera 4,Bahrain Grand Prix,1:33.377,1:33.562,
2009,piquet_jr,renault,8,15,Carrera 4,Bahrain Grand Prix,1:33.608,1:33.941,
2009,sutil,force_india,20,16,Carrera 4,Bahrain Grand Prix,1:33.722,,
2009,buemi,toro_rosso,12,17,Carrera 4,Bahrain Grand Prix,1:33.753,,
2009,fisichella,force_india,21,18,Carrera 4,Bahrain Grand Prix,1:33.910,,
2009,webber,red_bull,14,19,Carrera 4,Bahrain Grand Prix,1:34.038,,
2009,bourdais,toro_rosso,11,20,Carrera 4,Bahrain Grand Prix,1:34.159,,
2009,button,brawn,22,1,Carrera 5,Spanish Grand Prix,1:20.707,1:20.192,1:20.527
2009,vettel,red_bull,15,2,Carrera 5,Spanish Grand Prix,1:20.715,1:20.220,1:20.660
2009,barrichello,brawn,23,3,Carrera 5,Spanish Grand Prix,1:20.808,1:19.954,1:20.762
2009,massa,ferrari,3,4,Carrera 5,Spanish Grand Prix,1:20.484,1:20.149,1:20.934
2009,webber,red_bull,14,5,Carrera 5,Spanish Grand Prix,1:20.689,1:20.007,1:21.049
2009,glock,toyota,10,6,Carrera 5,Spanish Grand Prix,1:20.877,1:20.107,1:21.247
2009,trulli,toyota,9,7,Carrera 5,Spanish Grand Prix,1:21.189,1:20.420,1:21.254
2009,alonso,renault,7,8,Carrera 5,Spanish Grand Prix,1:21.186,1:20.509,1:21.392
2009,rosberg,williams,16,9,Carrera 5,Spanish Grand Prix,1:20.745,1:20.256,1:22.558
2009,kubica,bmw_sauber,5,10,Carrera 5,Spanish Grand Prix,1:20.931,1:20.408,1:22.685
2009,nakajima,williams,17,11,Carrera 5,Spanish Grand Prix,1:20.818,1:20.531,
2009,piquet_jr,renault,8,12,Carrera 5,Spanish Grand Prix,1:21.128,1:20.604,
2009,heidfeld,bmw_sauber,6,13,Carrera 5,Spanish Grand Prix,1:21.095,1:20.676,
2009,hamilton,mclaren,1,14,Carrera 5,Spanish Grand Prix,1:20.991,1:20.805,
2009,buemi,toro_rosso,12,15,Carrera 5,Spanish Grand Prix,1:21.033,1:21.067,
2009,raikkonen,ferrari,4,16,Carrera 5,Spanish Grand Prix,1:21.291,,
2009,bourdais,toro_rosso,11,17,Carrera 5,Spanish Grand Prix,1:21.300,,
2009,kovalainen,mclaren,2,18,Carrera 5,Spanish Grand Prix,1:21.675,,
2009,sutil,force_india,20,19,Carrera 5,Spanish Grand Prix,1:21.742,,
2009,fisichella,force_india,21,20,Carrera 5,Spanish Grand Prix,1:22.204,,
2009,button,brawn,22,1,Carrera 6,Monaco Grand Prix,1:15.210,1:15.016,1:14.902
2009,raikkonen,ferrari,4,2,Carrera 6,Monaco Grand Prix,1:15.746,1:14.514,1:14.927
2009,barrichello,brawn,23,3,Carrera 6,Monaco Grand Prix,1:15.425,1:14.829,1:15.077
2009,vettel,red_bull,15,4,Carrera 6,Monaco Grand Prix,1:15.915,1:14.879,1:15.271
2009,massa,ferrari,3,5,Carrera 6,Monaco Grand Prix,1:15.340,1:15.001,1:15.437
2009,rosberg,williams,16,6,Carrera 6,Monaco Grand Prix,1:15.094,1:14.846,1:15.455
2009,kovalainen,mclaren,2,7,Carrera 6,Monaco Grand Prix,1:15.495,1:14.809,1:15.516
2009,webber,red_bull,14,8,Carrera 6,Monaco Grand Prix,1:15.260,1:14.825,1:15.653
2009,alonso,renault,7,9,Carrera 6,Monaco Grand Prix,1:15.898,1:15.200,1:16.009
2009,nakajima,williams,17,10,Carrera 6,Monaco Grand Prix,1:15.930,1:15.579,1:17.344
2009,buemi,toro_rosso,12,11,Carrera 6,Monaco Grand Prix,1:15.834,1:15.833,
2009,piquet_jr,renault,8,12,Carrera 6,Monaco Grand Prix,1:16.013,1:15.837,
2009,fisichella,force_india,21,13,Carrera 6,Monaco Grand Prix,1:16.063,1:16.146,
2009,bourdais,toro_rosso,11,14,Carrera 6,Monaco Grand Prix,1:16.120,1:16.281,
2009,sutil,force_india,20,15,Carrera 6,Monaco Grand Prix,1:16.248,1:16.545,
2009,hamilton,mclaren,1,16,Carrera 6,Monaco Grand Prix,1:16.264,,
2009,heidfeld,bmw_sauber,6,17,Carrera 6,Monaco Grand Prix,1:16.264,,
2009,kubica,bmw_sauber,5,18,Carrera 6,Monaco Grand Prix,1:16.405,,
2009,trulli,toyota,9,19,Carrera 6,Monaco Grand Prix,1:16.548,,
2009,glock,toyota,10,20,Carrera 6,Monaco Grand Prix,1:16.788,,
2009,vettel,red_bull,15,1,Carrera 7,Turkish Grand Prix,1:27.330,1:27.016,1:28.316
2009,button,brawn,22,2,Carrera 7,Turkish Grand Prix,1:27.355,1:27.230,1:28.421
2009,barrichello,brawn,23,3,Carrera 7,Turkish Grand Prix,1:27.371,1:27.418,1:28.579
2009,webber,red_bull,14,4,Carrera 7,Turkish Grand Prix,1:27.466,1:27.416,1:28.613
2009,trulli,toyota,9,5,Carrera 7,Turkish Grand Prix,1:27.529,1:27.195,1:28.666
2009,raikkonen,ferrari,4,6,Carrera 7,Turkish Grand Prix,1:27.556,1:27.387,1:28.815
2009,massa,ferrari,3,7,Carrera 7,Turkish Grand Prix,1:27.508,1:27.349,1:28.858
2009,alonso,renault,7,8,Carrera 7,Turkish Grand Prix,1:27.988,1:27.473,1:29.075
2009,rosberg,williams,16,9,Carrera 7,Turkish Grand Prix,1:27.517,1:27.418,1:29.191
2009,kubica,bmw_sauber,5,10,Carrera 7,Turkish Grand Prix,1:27.788,1:27.455,1:29.357
2009,heidfeld,bmw_sauber,6,11,Carrera 7,Turkish Grand Prix,1:27.795,1:27.521,
2009,nakajima,williams,17,12,Carrera 7,Turkish Grand Prix,1:27.691,1:27.629,
2009,glock,toyota,10,13,Carrera 7,Turkish Grand Prix,1:28.160,1:27.795,
2009,kovalainen,mclaren,2,14,Carrera 7,Turkish Grand Prix,1:28.199,1:28.207,
2009,sutil,force_india,20,15,Carrera 7,Turkish Grand Prix,1:28.278,1:28.391,
2009,hamilton,mclaren,1,16,Carrera 7,Turkish Grand Prix,1:28.318,,
2009,piquet_jr,renault,8,17,Carrera 7,Turkish Grand Prix,1:28.582,,
2009,buemi,toro_rosso,12,18,Carrera 7,Turkish Grand Prix,1:28.708,,
2009,fisichella,force_india,21,19,Carrera 7,Turkish Grand Prix,1:28.717,,
2009,bourdais,toro_rosso,11,20,Carrera 7,Turkish Grand Prix,1:28.918,,
2009,vettel,red_bull,15,1,Carrera 8,British Grand Prix,1:18.685,1:18.119,1:19.509
2009,barrichello,brawn,23,2,Carrera 8,British Grand Prix,1:19.325,1:18.335,1:19.856
2009,webber,red_bull,14,3,Carrera 8,British Grand Prix,1:18.674,1:18.209,1:19.868
2009,trulli,toyota,9,4,Carrera 8,British Grand Prix,1:18.886,1:18.240,1:20.091
2009,nakajima,williams,17,5,Carrera 8,British Grand Prix,1:18.530,1:18.575,1:20.216
2009,button,brawn,22,6,Carrera 8,British Grand Prix,1:18.957,1:18.663,1:20.289
2009,rosberg,williams,16,7,Carrera 8,British Grand Prix,1:19.228,1:18.591,1:20.361
2009,glock,toyota,10,8,Carrera 8,British Grand Prix,1:19.198,1:18.791,1:20.490
2009,raikkonen,ferrari,4,9,Carrera 8,British Grand Prix,1:19.010,1:18.566,1:20.715
2009,alonso,renault,7,10,Carrera 8,British Grand Prix,1:19.167,1:18.761,1:20.741
2009,massa,ferrari,3,11,Carrera 8,British Grand Prix,1:19.148,1:18.927,
2009,kubica,bmw_sauber,5,12,Carrera 8,British Grand Prix,1:19.730,1:19.308,
2009,kovalainen,mclaren,2,13,Carrera 8,British Grand Prix,1:19.732,1:19.353,
2009,piquet_jr,renault,8,14,Carrera 8,British Grand Prix,1:19.555,1:19.392,
2009,heidfeld,bmw_sauber,6,15,Carrera 8,British Grand Prix,1:19.559,1:19.448,
2009,fisichella,force_india,21,16,Carrera 8,British Grand Prix,1:19.802,,
2009,bourdais,toro_rosso,11,17,Carrera 8,British Grand Prix,1:19.898,,
2009,sutil,force_india,20,18,Carrera 8,British Grand Prix,1:19.909,,
2009,hamilton,mclaren,1,19,Carrera 8,British Grand Prix,1:19.917,,
2009,buemi,toro_rosso,12,20,Carrera 8,British Grand Prix,1:20.236,,
2009,webber,red_bull,14,1,Carrera 9,German Grand Prix,1:31.257,1:38.038,1:32.230
2009,barrichello,brawn,23,2,Carrera 9,German Grand Prix,1:31.482,1:34.455,1:32.357
2009,button,brawn,22,3,Carrera 9,German Grand Prix,1:31.568,1:39.032,1:32.473
2009,vettel,red_bull,15,4,Carrera 9,German Grand Prix,1:31.430,1:39.504,1:32.480
2009,hamilton,mclaren,1,5,Carrera 9,German Grand Prix,1:31.473,1:39.149,1:32.616
2009,kovalainen,mclaren,2,6,Carrera 9,German Grand Prix,1:31.881,1:40.826,1:33.859
2009,sutil,force_india,20,7,Carrera 9,German Grand Prix,1:32.015,1:36.740,1:34.316
2009,massa,ferrari,3,8,Carrera 9,German Grand Prix,1:31.600,1:41.708,1:34.574
2009,raikkonen,ferrari,4,9,Carrera 9,German Grand Prix,1:31.869,1:41.730,1:34.710
2009,piquet_jr,renault,8,10,Carrera 9,German Grand Prix,1:32.128,1:35.737,1:34.803
2009,heidfeld,bmw_sauber,6,11,Carrera 9,German Grand Prix,1:31.771,1:42.310,
2009,alonso,renault,7,12,Carrera 9,German Grand Prix,1:31.302,1:42.318,
2009,nakajima,williams,17,13,Carrera 9,German Grand Prix,1:31.884,1:42.500,
2009,trulli,toyota,9,14,Carrera 9,German Grand Prix,1:31.760,1:42.771,
2009,rosberg,williams,16,15,Carrera 9,German Grand Prix,1:31.598,1:42.859,
2009,kubica,bmw_sauber,5,16,Carrera 9,German Grand Prix,1:32.190,,
2009,buemi,toro_rosso,12,17,Carrera 9,German Grand Prix,1:32.251,,
2009,fisichella,force_india,21,18,Carrera 9,German Grand Prix,1:32.402,,
2009,glock,toyota,10,19,Carrera 9,German Grand Prix,1:32.423,,
2009,bourdais,toro_rosso,11,20,Carrera 9,German Grand Prix,1:33.559,,
2009,alonso,renault,7,1,Carrera 10,Hungarian Grand Prix,1:21.313,1:20.826,1:21.569
2009,vettel,red_bull,15,2,Carrera 10,Hungarian Grand Prix,1:21.178,1:20.604,1:21.607
2009,webber,red_bull,14,3,Carrera 10,Hungarian Grand Prix,1:20.964,1:20.358,1:21.741
2009,hamilton,mclaren,1,4,Carrera 10,Hungarian Grand Prix,1:20.842,1:20.465,1:21.839
2009,rosberg,williams,16,5,Carrera 10,Hungarian Grand Prix,1:20.793,1:20.862,1:21.890
2009,kovalainen,mclaren,2,6,Carrera 10,Hungarian Grand Prix,1:21.659,1:20.807,1:22.095
2009,raikkonen,ferrari,4,7,Carrera 10,Hungarian Grand Prix,1:21.500,1:20.647,1:22.468
2009,button,brawn,22,8,Carrera 10,Hungarian Grand Prix,1:21.471,1:20.707,1:22.511
2009,nakajima,williams,17,9,Carrera 10,Hungarian Grand Prix,1:21.407,1:20.570,1:22.835
2009,massa,ferrari,3,10,Carrera 10,Hungarian Grand Prix,1:21.420,1:20.823,
2009,buemi,toro_rosso,12,11,Carrera 10,Hungarian Grand Prix,1:21.571,1:21.002,
2009,trulli,toyota,9,12,Carrera 10,Hungarian Grand Prix,1:21.416,1:21.082,
2009,barrichello,brawn,23,13,Carrera 10,Hungarian Grand Prix,1:21.558,1:21.222,
2009,glock,toyota,10,14,Carrera 10,Hungarian Grand Prix,1:21.584,1:21.242,
2009,piquet_jr,renault,8,15,Carrera 10,Hungarian Grand Prix,1:21.278,1:21.389,
2009,heidfeld,bmw_sauber,6,16,Carrera 10,Hungarian Grand Prix,1:21.738,,
2009,fisichella,force_india,21,17,Carrera 10,Hungarian Grand Prix,1:21.807,,
2009,sutil,force_india,20,18,Carrera 10,Hungarian Grand Prix,1:21.868,,
2009,kubica,bmw_sauber,5,19,Carrera 10,Hungarian Grand Prix,1:21.901,,
2009,alguersuari,toro_rosso,11,20,Carrera 10,Hungarian Grand Prix,1:22.359,,
2009,hamilton,mclaren,1,1,Carrera 11,European Grand Prix,1:38.649,1:38.182,1:39.489
2009,kovalainen,mclaren,2,2,Carrera 11,European Grand Prix,1:38.816,1:38.230,1:39.532
2009,barrichello,brawn,23,3,Carrera 11,European Grand Prix,1:39.019,1:38.076,1:39.563
2009,vettel,red_bull,15,4,Carrera 11,European Grand Prix,1:39.295,1:38.273,1:39.789
2009,button,brawn,22,5,Carrera 11,European Grand Prix,1:38.531,1:38.601,1:39.821
2009,raikkonen,ferrari,4,6,Carrera 11,European Grand Prix,1:38.843,1:38.782,1:40.144
2009,rosberg,williams,16,7,Carrera 11,European Grand Prix,1:39.039,1:38.346,1:40.185
2009,alonso,renault,7,8,Carrera 11,European Grand Prix,1:39.155,1:38.717,1:40.236
2009,webber,red_bull,14,9,Carrera 11,European Grand Prix,1:38.983,1:38.625,1:40.239
2009,kubica,bmw_sauber,5,10,Carrera 11,European Grand Prix,1:38.806,1:38.747,1:40.512
2009,heidfeld,bmw_sauber,6,11,Carrera 11,European Grand Prix,1:39.032,1:38.826,
2009,sutil,force_india,20,12,Carrera 11,European Grand Prix,1:39.145,1:38.846,
2009,glock,toyota,10,13,Carrera 11,European Grand Prix,1:39.459,1:38.991,
2009,grosjean,renault,8,14,Carrera 11,European Grand Prix,1:39.322,1:39.040,
2009,buemi,toro_rosso,12,15,Carrera 11,European Grand Prix,1:38.912,1:39.514,
2009,fisichella,force_india,21,16,Carrera 11,European Grand Prix,1:39.531,,
2009,nakajima,williams,17,17,Carrera 11,European Grand Prix,1:39.795,,
2009,trulli,toyota,9,18,Carrera 11,European Grand Prix,1:39.807,,
2009,alguersuari,toro_rosso,11,19,Carrera 11,European Grand Prix,1:39.925,,
2009,badoer,ferrari,3,20,Carrera 11,European Grand Prix,1:41.413,,
2009,fisichella,force_india,21,1,Carrera 12,Belgian Grand Prix,1:45.102,1:44.667,1:46.308
2009,trulli,toyota,9,2,Carrera 12,Belgian Grand Prix,1:45.140,1:44.503,1:46.395
2009,heidfeld,bmw_sauber,6,3,Carrera 12,Belgian Grand Prix,1:45.566,1:44.709,1:46.500
2009,barrichello,brawn,23,4,Carrera 12,Belgian Grand Prix,1:45.237,1:44.834,1:46.513
2009,kubica,bmw_sauber,5,5,Carrera 12,Belgian Grand Prix,1:45.655,1:44.557,1:46.586
2009,raikkonen,ferrari,4,6,Carrera 12,Belgian Grand Prix,1:45.579,1:44.953,1:46.633
2009,glock,toyota,10,7,Carrera 12,Belgian Grand Prix,1:45.450,1:44.877,1:46.677
2009,vettel,red_bull,15,8,Carrera 12,Belgian Grand Prix,1:45.372,1:44.592,1:46.761
2009,webber,red_bull,14,9,Carrera 12,Belgian Grand Prix,1:45.350,1:44.924,1:46.788
2009,rosberg,williams,16,10,Carrera 12,Belgian Grand Prix,1:45.486,1:45.047,1:47.362
2009,sutil,force_india,20,11,Carrera 12,Belgian Grand Prix,1:45.239,1:45.119,
2009,hamilton,mclaren,1,12,Carrera 12,Belgian Grand Prix,1:45.767,1:45.122,
2009,alonso,renault,7,13,Carrera 12,Belgian Grand Prix,1:45.707,1:45.136,
2009,button,brawn,22,14,Carrera 12,Belgian Grand Prix,1:45.761,1:45.251,
2009,kovalainen,mclaren,2,15,Carrera 12,Belgian Grand Prix,1:45.705,1:45.259,
2009,buemi,toro_rosso,12,16,Carrera 12,Belgian Grand Prix,1:45.951,,
2009,alguersuari,toro_rosso,11,17,Carrera 12,Belgian Grand Prix,1:46.302,,
2009,nakajima,williams,17,18,Carrera 12,Belgian Grand Prix,1:46.307,,
2009,grosjean,renault,8,19,Carrera 12,Belgian Grand Prix,1:46.359,,
2009,badoer,ferrari,3,20,Carrera 12,Belgian Grand Prix,1:46.957,,
2009,hamilton,mclaren,1,1,Carrera 13,Italian Grand Prix,1:23.375,1:22.973,1:24.066
2009,sutil,force_india,20,2,Carrera 13,Italian Grand Prix,1:23.576,1:23.070,1:24.261
2009,raikkonen,ferrari,4,3,Carrera 13,Italian Grand Prix,1:23.349,1:23.426,1:24.523
2009,kovalainen,mclaren,2,4,Carrera 13,Italian Grand Prix,1:23.515,1:23.528,1:24.845
2009,barrichello,brawn,23,5,Carrera 13,Italian Grand Prix,1:23.483,1:22.976,1:25.015
2009,button,brawn,22,6,Carrera 13,Italian Grand Prix,1:23.403,1:22.955,1:25.030
2009,liuzzi,force_india,21,7,Carrera 13,Italian Grand Prix,1:23.578,1:23.207,1:25.043
2009,alonso,renault,7,8,Carrera 13,Italian Grand Prix,1:23.708,1:23.497,1:25.072
2009,vettel,red_bull,15,9,Carrera 13,Italian Grand Prix,1:23.558,1:23.545,1:25.180
2009,webber,red_bull,14,10,Carrera 13,Italian Grand Prix,1:23.755,1:23.273,1:25.314
2009,trulli,toyota,9,11,Carrera 13,Italian Grand Prix,1:24.014,1:23.611,
2009,grosjean,renault,8,12,Carrera 13,Italian Grand Prix,1:23.975,1:23.728,
2009,kubica,bmw_sauber,5,13,Carrera 13,Italian Grand Prix,1:24.001,1:23.866,
2009,fisichella,ferrari,3,14,Carrera 13,Italian Grand Prix,1:23.828,1:23.901,
2009,heidfeld,bmw_sauber,6,15,Carrera 13,Italian Grand Prix,1:23.584,1:24.275,
2009,glock,toyota,10,16,Carrera 13,Italian Grand Prix,1:24.036,,
2009,nakajima,williams,17,17,Carrera 13,Italian Grand Prix,1:24.074,,
2009,rosberg,williams,16,18,Carrera 13,Italian Grand Prix,1:24.121,,
2009,buemi,toro_rosso,12,19,Carrera 13,Italian Grand Prix,1:24.220,,
2009,alguersuari,toro_rosso,11,20,Carrera 13,Italian Grand Prix,1:24.951,,
2009,hamilton,mclaren,1,1,Carrera 14,Singapore Grand Prix,1:46.977,1:46.657,1:47.891
2009,vettel,red_bull,15,2,Carrera 14,Singapore Grand Prix,1:47.541,1:46.362,1:48.204
2009,rosberg,williams,16,3,Carrera 14,Singapore Grand Prix,1:47.390,1:46.197,1:48.348
2009,webber,red_bull,14,4,Carrera 14,Singapore Grand Prix,1:47.646,1:46.328,1:48.722
2009,barrichello,brawn,23,5,Carrera 14,Singapore Grand Prix,1:47.397,1:46.787,1:48.828
2009,alonso,renault,7,6,Carrera 14,Singapore Grand Prix,1:47.757,1:46.767,1:49.054
2009,glock,toyota,10,7,Carrera 14,Singapore Grand Prix,1:47.770,1:46.707,1:49.180
2009,heidfeld,bmw_sauber,6,8,Carrera 14,Singapore Grand Prix,1:47.347,1:46.832,1:49.307
2009,kubica,bmw_sauber,5,9,Carrera 14,Singapore Grand Prix,1:47.615,1:46.813,1:49.514
2009,kovalainen,mclaren,2,10,Carrera 14,Singapore Grand Prix,1:47.542,1:46.842,1:49.778
2009,nakajima,williams,17,11,Carrera 14,Singapore Grand Prix,1:47.637,1:47.013,
2009,button,brawn,22,12,Carrera 14,Singapore Grand Prix,1:47.180,1:47.141,
2009,raikkonen,ferrari,4,13,Carrera 14,Singapore Grand Prix,1:47.293,1:47.177,
2009,buemi,toro_rosso,12,14,Carrera 14,Singapore Grand Prix,1:47.677,1:47.369,
2009,trulli,toyota,9,15,Carrera 14,Singapore Grand Prix,1:47.690,1:47.413,
2009,sutil,force_india,20,16,Carrera 14,Singapore Grand Prix,1:48.231,,
2009,alguersuari,toro_rosso,11,17,Carrera 14,Singapore Grand Prix,1:48.340,,
2009,fisichella,ferrari,3,18,Carrera 14,Singapore Grand Prix,1:48.350,,
2009,grosjean,renault,8,19,Carrera 14,Singapore Grand Prix,1:48.544,,
2009,liuzzi,force_india,21,20,Carrera 14,Singapore Grand Prix,1:48.792,,
2009,vettel,red_bull,15,1,Carrera 15,Japanese Grand Prix,1:30.883,1:30.341,1:32.160
2009,trulli,toyota,9,2,Carrera 15,Japanese Grand Prix,1:31.063,1:30.737,1:32.220
2009,hamilton,mclaren,1,3,Carrera 15,Japanese Grand Prix,1:30.917,1:30.627,1:32.395
2009,sutil,force_india,20,4,Carrera 15,Japanese Grand Prix,1:31.386,1:31.222,1:32.466
2009,barrichello,brawn,23,5,Carrera 15,Japanese Grand Prix,1:31.272,1:31.055,1:32.660
2009,heidfeld,bmw_sauber,6,6,Carrera 15,Japanese Grand Prix,1:31.501,1:31.260,1:32.945
2009,button,brawn,22,7,Carrera 15,Japanese Grand Prix,1:31.041,1:30.880,1:32.962
2009,raikkonen,ferrari,4,8,Carrera 15,Japanese Grand Prix,1:31.288,1:31.052,1:32.980
2009,kovalainen,mclaren,2,9,Carrera 15,Japanese Grand Prix,1:31.499,1:31.223,
2009,buemi,toro_rosso,12,10,Carrera 15,Japanese Grand Prix,1:31.196,1:31.103,
2009,rosberg,williams,16,11,Carrera 15,Japanese Grand Prix,1:31.286,1:31.482,
2009,alonso,renault,7,12,Carrera 15,Japanese Grand Prix,1:31.401,1:31.638,
2009,kubica,bmw_sauber,5,13,Carrera 15,Japanese Grand Prix,1:31.417,1:32.341,
2009,glock,toyota,10,14,Carrera 15,Japanese Grand Prix,1:31.550,,
2009,alguersuari,toro_rosso,11,15,Carrera 15,Japanese Grand Prix,1:31.571,,
2009,fisichella,ferrari,3,16,Carrera 15,Japanese Grand Prix,1:31.704,,
2009,nakajima,williams,17,17,Carrera 15,Japanese Grand Prix,1:31.718,,
2009,grosjean,renault,8,18,Carrera 15,Japanese Grand Prix,1:32.073,,
2009,liuzzi,force_india,21,19,Carrera 15,Japanese Grand Prix,1:32.087,,
2009,webber,red_bull,14,20,Carrera 15,Japanese Grand Prix,,,
2009,barrichello,brawn,23,1,Carrera 16,Brazilian Grand Prix,1:24.100,1:21.659,1:19.576
2009,webber,red_bull,14,2,Carrera 16,Brazilian Grand Prix,1:24.722,1:20.803,1:19.668
2009,sutil,force_india,20,3,Carrera 16,Brazilian Grand Prix,1:24.447,1:20.753,1:19.912
2009,trulli,toyota,9,4,Carrera 16,Brazilian Grand Prix,1:24.621,1:20.635,1:20.097
2009,raikkonen,ferrari,4,5,Carrera 16,Brazilian Grand Prix,1:23.047,1:21.378,1:20.168
2009,buemi,toro_rosso,12,6,Carrera 16,Brazilian Grand Prix,1:24.591,1:20.701,1:20.250
2009,rosberg,williams,16,7,Carrera 16,Brazilian Grand Prix,1:22.828,1:20.368,1:20.326
2009,kubica,bmw_sauber,5,8,Carrera 16,Brazilian Grand Prix,1:23.072,1:21.147,1:20.631
2009,nakajima,williams,17,9,Carrera 16,Brazilian Grand Prix,1:23.161,1:20.427,1:20.674
2009,alonso,renault,7,10,Carrera 16,Brazilian Grand Prix,1:24.842,1:21.657,1:21.422
2009,kobayashi,toyota,10,11,Carrera 16,Brazilian Grand Prix,1:24.335,1:21.960,
2009,alguersuari,toro_rosso,11,12,Carrera 16,Brazilian Grand Prix,1:24.773,1:22.231,
2009,grosjean,renault,8,13,Carrera 16,Brazilian Grand Prix,1:24.394,1:22.477,
2009,button,brawn,22,14,Carrera 16,Brazilian Grand Prix,1:24.297,1:22.504,
2009,liuzzi,force_india,21,15,Carrera 16,Brazilian Grand Prix,1:24.645,,
2009,vettel,red_bull,15,16,Carrera 16,Brazilian Grand Prix,1:25.009,,
2009,kovalainen,mclaren,2,17,Carrera 16,Brazilian Grand Prix,1:25.052,,
2009,hamilton,mclaren,1,18,Carrera 16,Brazilian Grand Prix,1:25.192,,
2009,heidfeld,bmw_sauber,6,19,Carrera 16,Brazilian Grand Prix,1:25.515,,
2009,fisichella,ferrari,3,20,Carrera 16,Brazilian Grand Prix,1:40.703,,
2009,hamilton,mclaren,1,1,Carrera 17,Abu Dhabi Grand Prix,1:39.873,1:39.695,1:40.948
2009,vettel,red_bull,15,2,Carrera 17,Abu Dhabi Grand Prix,1:40.666,1:39.984,1:41.615
2009,webber,red_bull,14,3,Carrera 17,Abu Dhabi Grand Prix,1:40.667,1:40.272,1:41.726
2009,barrichello,brawn,23,4,Carrera 17,Abu Dhabi Grand Prix,1:40.574,1:40.421,1:41.786
2009,button,brawn,22,5,Carrera 17,Abu Dhabi Grand Prix,1:40.378,1:40.148,1:41.892
2009,trulli,toyota,9,6,Carrera 17,Abu Dhabi Grand Prix,1:40.517,1:40.373,1:41.897
2009,kubica,bmw_sauber,5,7,Carrera 17,Abu Dhabi Grand Prix,1:40.520,1:40.545,1:41.992
2009,heidfeld,bmw_sauber,6,8,Carrera 17,Abu Dhabi Grand Prix,1:40.558,1:40.635,1:42.343
2009,rosberg,williams,16,9,Carrera 17,Abu Dhabi Grand Prix,1:40.842,1:40.661,1:42.583
2009,buemi,toro_rosso,12,10,Carrera 17,Abu Dhabi Grand Prix,1:40.908,1:40.430,1:42.713
2009,raikkonen,ferrari,4,11,Carrera 17,Abu Dhabi Grand Prix,1:41.100,1:40.726,
2009,kobayashi,toyota,10,12,Carrera 17,Abu Dhabi Grand Prix,1:41.035,1:40.777,
2009,kovalainen,mclaren,2,13,Carrera 17,Abu Dhabi Grand Prix,1:40.808,1:40.983,
2009,nakajima,williams,17,14,Carrera 17,Abu Dhabi Grand Prix,1:41.096,1:41.148,
2009,alguersuari,toro_rosso,11,15,Carrera 17,Abu Dhabi Grand Prix,1:41.503,1:41.689,
2009,alonso,renault,7,16,Carrera 17,Abu Dhabi Grand Prix,1:41.667,,
2009,liuzzi,force_india,21,17,Carrera 17,Abu Dhabi Grand Prix,1:41.701,,
2009,sutil,force_india,20,18,Carrera 17,Abu Dhabi Grand Prix,1:41.836,,
2009,grosjean,renault,8,19,Carrera 17,Abu Dhabi Grand Prix,1:41.950,,
2009,fisichella,ferrari,3,20,Carrera 17,Abu Dhabi Grand Prix,1:42.184,,
